index,Feature,Gini Importance
118,bwd_byts_b_avg_median_443,0.37915396628309805
113,bwd_byts_b_avg_max_5228,0.03776116802903828
810,flow_iat_min_max_443,0.02858455417437365
1103,fwd_iat_mean_median_443,0.01907828988427426
643,flow_byts_s_median_443,0.01812147562801755
146,bwd_header_len_mean_80,0.015879822284593646
1988,subflow_bwd_pkts_mean_80,0.015492218727998431
2123,tot_bwd_pkts_mean_80,0.013203045320843435
856,flow_iat_std_median_443,0.01118291679656539
87,bwd_blk_rate_avg_mean_443,0.009250365552090514
112,bwd_byts_b_avg_max_443,0.00917534864327133
1420,fwd_pkts_s_median_443,0.007700928669305805
431,bwd_pkt_len_std_median_443,0.006731476736465679
130,bwd_byts_b_avg_sum_80,0.00640684534304055
359,bwd_pkt_len_mean_max_443,0.0060811150359471825
526,bwd_seg_size_avg_max_443,0.005682277695446819
1177,fwd_iat_std_median_443,0.0053326608894286205
899,flow_pkts_s_median_443,0.004910863949359256
270,bwd_iat_std_median_443,0.004672647826896426
436,bwd_pkt_len_std_skew_443,0.004476822049470957
90,bwd_blk_rate_avg_median_443,0.004383583895045946
183,bwd_iat_max_median_443,0.003492090256210087
487,bwd_pkts_s_mean_443,0.002840652067579959
742,flow_iat_max_median_443,0.002728531272707461
103,bwd_blk_rate_avg_var_443,0.0026171114854631294
1771,pkt_len_mean_median_443,0.0025630229096686515
94,bwd_blk_rate_avg_skew_443,0.002533165530521549
834,flow_iat_min_sum_443,0.002393419728091111
142,bwd_header_len_max_80,0.0023580115302971934
459,bwd_pkts_b_avg_mean_80,0.0023242205377810316
1414,fwd_pkts_s_mean_443,0.0022735305463300556
1901,pkt_size_avg_median_443,0.0021485899912367518
1984,subflow_bwd_pkts_max_80,0.002089730050094933
100,bwd_blk_rate_avg_sum_443,0.00203727530166395
126,bwd_byts_b_avg_std_5228,0.0019625050058436444
246,bwd_iat_min_skew_443,0.0019573539961824957
1909,pkt_size_avg_skew_443,0.0019309473962939776
212,bwd_iat_mean_median_443,0.0019170421228198902
1779,pkt_len_mean_skew_443,0.001892462816881854
1971,subflow_bwd_byts_sum_80,0.001860641866798644
97,bwd_blk_rate_avg_std_443,0.001859748876224976
634,flow_byts_s_max_80,0.0018433366893203628
1645,idle_std_min_853,0.0018402853510669096
2119,tot_bwd_pkts_max_80,0.0018347694112329056
98,bwd_blk_rate_avg_std_5228,0.0018126250997077971
156,bwd_header_len_skew_443,0.0018066048972802513
1833,pkt_len_std_max_443,0.0017792860948409302
1893,pkt_size_avg_max_443,0.0017453196510864512
984,fwd_blk_rate_avg_sum_443,0.001721717783099456
95,bwd_blk_rate_avg_skew_5228,0.0017082362417165885
1806,pkt_len_min_mean_443,0.0016751899475751899
119,bwd_byts_b_avg_median_5228,0.0016603635779776928
101,bwd_blk_rate_avg_sum_5228,0.0016308736273014917
666,flow_byts_s_sum_5228,0.0015937720335168623
1763,pkt_len_mean_max_443,0.0015539774274575592
237,bwd_iat_min_max_80,0.0015505533012735934
952,fwd_act_data_pkts_skew_443,0.0015493308161969605
1066,fwd_iat_max_median_443,0.0015485408765155831
890,flow_pkts_s_max_80,0.0014570940849092328
84,bwd_blk_rate_avg_max_443,0.0014431370986419043
1283,fwd_pkt_len_mean_max_443,0.0014298378281844
2199,totlen_bwd_pkts_max_443,0.001426542411401779
591,down_up_ratio_skew_443,0.0013985441834719517
1430,fwd_pkts_s_skew_443,0.0013902905709013028
104,bwd_blk_rate_avg_var_5228,0.0013597243493109015
439,bwd_pkt_len_std_std_443,0.0013313823511357907
2225,totlen_bwd_pkts_sum_80,0.0013251029902186806
492,bwd_pkts_s_median_5228,0.0013146249085023536
748,flow_iat_max_min_80,0.0012992655485489525
2200,totlen_bwd_pkts_max_5228,0.001287903979559963
140,bwd_header_len_max_443,0.001257844361493463
637,flow_byts_s_mean_443,0.0012131942054932855
1894,pkt_size_avg_max_5228,0.001201169591235619
700,flow_duration_min_443,0.0011967785569737955
2039,subflow_fwd_byts_skew_443,0.0011687678400633809
132,bwd_byts_b_avg_var_5228,0.001156680531227999
1600,idle_min_max_443,0.0011519435081656182
129,bwd_byts_b_avg_sum_5228,0.00114858697102815
1397,fwd_pkts_b_avg_sum_443,0.001126102438424472
399,bwd_pkt_len_min_mean_443,0.001113988489311001
1358,fwd_pkt_len_std_max_443,0.0011068719956906746
1824,pkt_len_min_var_443,0.001095675096986509
2256,totlen_fwd_pkts_skew_443,0.0010863261760754258
1610,idle_min_median_853,0.0010800376138630006
815,flow_iat_min_mean_5228,0.0010783951988285873
1641,idle_std_mean_853,0.0010694138468031883
909,flow_pkts_s_skew_443,0.0010522326847441823
445,bwd_pkt_len_std_var_443,0.0010444153393138202
1134,fwd_iat_min_max_80,0.001041568934638194
360,bwd_pkt_len_mean_max_5228,0.0010373523773405573
835,flow_iat_min_sum_5228,0.0010262686704929278
1155,fwd_iat_min_sum_443,0.0010153821519890078
1953,subflow_bwd_byts_median_443,0.0010126957441036538
425,bwd_pkt_len_std_max_443,0.0010019780060072552
648,flow_byts_s_min_443,0.0009915512851074843
1875,pkt_len_var_skew_443,0.0009891079719405004
862,flow_iat_std_min_80,0.0009854339770487659
1946,subflow_bwd_byts_max_5228,0.0009843305870649226
235,bwd_iat_min_max_443,0.0009718377593425412
780,flow_iat_mean_median_443,0.0009681465710196551
860,flow_iat_std_min_443,0.0009608303546636345
826,flow_iat_min_skew_443,0.0009585007105127187
326,bwd_pkt_len_max_mean_443,0.0009535276428985355
1481,fwd_seg_size_avg_skew_443,0.000952636215308303
858,flow_iat_std_median_80,0.0009490351208959406
116,bwd_byts_b_avg_mean_5228,0.0009469410694268876
1247,fwd_pkt_len_max_mean_443,0.0009468201634237098
1793,pkt_len_mean_var_443,0.0009361523352324401
1782,pkt_len_mean_skew_80,0.0009219168912448964
1021,fwd_header_len_mean_80,0.00092051438376463
241,bwd_iat_min_median_443,0.0009180999639903647
595,down_up_ratio_std_443,0.0009052906432249112
1783,pkt_len_mean_std_443,0.0009036529220911848
1003,fwd_byts_b_avg_sum_443,0.0008995324205974633
527,bwd_seg_size_avg_max_5228,0.0008988343356608445
350,bwd_pkt_len_max_var_443,0.0008910601201002495
2162,tot_fwd_pkts_mean_80,0.0008743569464502267
592,down_up_ratio_skew_5228,0.000869065837140953
2191,tot_fwd_pkts_var_80,0.0008675214706113538
982,fwd_blk_rate_avg_std_443,0.0008565242489630114
579,down_up_ratio_mean_443,0.000850972495829507
472,bwd_pkts_b_avg_sum_80,0.0008497876007917836
243,bwd_iat_min_median_80,0.000848976762094769
1864,pkt_len_var_max_5228,0.000847409958826605
603,down_up_ratio_var_443,0.0008465336750283255
575,down_up_ratio_max_443,0.0008335274105008093
91,bwd_blk_rate_avg_median_5228,0.0008271752898729928
1869,pkt_len_var_median_443,0.0008246343799184675
1577,idle_mean_min_853,0.0008212832773120643
254,bwd_iat_min_sum_80,0.0008200431568218563
1573,idle_mean_mean_853,0.000818233106866046
1612,idle_min_skew_443,0.0008176466256825639
428,bwd_pkt_len_std_mean_443,0.0008156101132399078
1050,fwd_header_len_var_80,0.0008143587772204551
1812,pkt_len_min_skew_443,0.0008061185517457807
1132,fwd_iat_min_max_443,0.000802252889246339
811,flow_iat_min_max_5228,0.0007954476789894559
1603,idle_min_max_853,0.0007925348369051105
638,flow_byts_s_mean_5228,0.0007914577304000615
839,flow_iat_min_var_5228,0.0007896092928861701
117,bwd_byts_b_avg_mean_80,0.0007876277566355284
1815,pkt_len_min_std_443,0.0007858534610619291
1465,fwd_seg_size_avg_max_443,0.0007837666965082994
975,fwd_blk_rate_avg_max_443,0.0007761294102503363
454,bwd_pkts_b_avg_max_443,0.0007695355975175636
499,bwd_pkts_s_skew_443,0.0007690486108257083
1839,pkt_len_std_median_443,0.0007672674034018596
977,fwd_blk_rate_avg_mean_443,0.0007611271444967526
1422,fwd_pkts_s_median_80,0.0007565968506060909
653,flow_byts_s_skew_443,0.0007534298788362673
1704,init_fwd_win_byts_skew_443,0.0007521504683183578
217,bwd_iat_mean_skew_443,0.0007475480932815245
1923,pkt_size_avg_var_443,0.0007475426333970079
631,flow_byts_s_max_443,0.0007459618598810405
789,flow_iat_mean_skew_5228,0.0007451214720412174
1863,pkt_len_var_max_443,0.0007427820725496158
1834,pkt_len_std_max_5228,0.000739481988869488
1110,fwd_iat_mean_skew_443,0.0007309147369180167
188,bwd_iat_max_skew_443,0.000727760081344559
1764,pkt_len_mean_max_5228,0.000727640429871801
788,flow_iat_mean_skew_443,0.0007260876289964705
1945,subflow_bwd_byts_max_443,0.0007225493258380178
1634,idle_std_max_443,0.0007140857992432504
275,bwd_iat_std_skew_443,0.0007140624633795851
632,flow_byts_s_max_5228,0.0007103211217945203
491,bwd_pkts_s_median_443,0.000706709442051394
746,flow_iat_max_min_443,0.0007056810194531683
706,flow_duration_skew_5228,0.0007029073221305852
85,bwd_blk_rate_avg_max_5228,0.0007024290920285453
213,bwd_iat_mean_median_5228,0.0007022063003100829
999,fwd_byts_b_avg_skew_443,0.0006973458604138631
838,flow_iat_min_var_443,0.000694870934961579
1578,idle_mean_skew_443,0.0006916162291982409
831,flow_iat_min_std_5228,0.0006911661498376839
994,fwd_byts_b_avg_max_443,0.0006900627739040867
820,flow_iat_min_median_80,0.0006879938754917875
1604,idle_min_mean_443,0.0006879314832767823
1646,idle_std_skew_443,0.0006869500108227796
375,bwd_pkt_len_mean_skew_443,0.0006821057336169698
2205,totlen_bwd_pkts_mean_80,0.0006790949088092265
1442,fwd_pkts_s_sum_443,0.0006765145882275201
506,bwd_pkts_s_sum_123,0.0006746140407587222
443,bwd_pkt_len_std_sum_5228,0.0006713359064444538
1182,fwd_iat_std_min_80,0.0006704339957439117
580,down_up_ratio_mean_5228,0.0006628622067802486
782,flow_iat_mean_median_80,0.0006625530500561031
304,bwd_iat_tot_skew_443,0.0006585701116974523
1111,fwd_iat_mean_skew_5228,0.0006566199387768311
812,flow_iat_min_max_80,0.0006537456913928435
644,flow_byts_s_median_5228,0.0006510436299154806
1156,fwd_iat_min_sum_5228,0.0006503337024694728
88,bwd_blk_rate_avg_mean_5228,0.0006490321213418013
1913,pkt_size_avg_std_443,0.0006481131280769523
1399,fwd_pkts_b_avg_var_443,0.0006457980122291582
342,bwd_pkt_len_max_std_443,0.0006455204023281795
1147,fwd_iat_min_skew_443,0.0006443596838185612
257,bwd_iat_min_var_80,0.0006441708274982693
271,bwd_iat_std_median_5228,0.0006408990373241317
1263,fwd_pkt_len_max_std_443,0.000634751374673353
1616,idle_min_std_443,0.0006326730379867686
980,fwd_blk_rate_avg_skew_443,0.0006260284745367786
1074,fwd_iat_max_skew_5228,0.0006236922773573397
1542,idle_max_median_853,0.0006234199651377739
1153,fwd_iat_min_std_80,0.0006199443409472932
1947,subflow_bwd_byts_max_80,0.0006174718179884756
668,flow_byts_s_sum_80,0.0006122290750174242
2223,totlen_bwd_pkts_sum_443,0.0006094457520144653
672,flow_byts_s_var_5228,0.0006088631080155956
1393,fwd_pkts_b_avg_skew_443,0.000606556959482426
599,down_up_ratio_sum_443,0.000606257795300664
814,flow_iat_min_mean_443,0.000601807697077728
1951,subflow_bwd_byts_mean_80,0.0006011875603564411
274,bwd_iat_std_min_80,0.0006001430147377794
483,bwd_pkts_s_max_443,0.0005995972440504783
1189,fwd_iat_std_std_5228,0.0005931865291216614
252,bwd_iat_min_sum_443,0.0005912979315954382
251,bwd_iat_min_std_80,0.0005908453958094698
986,fwd_blk_rate_avg_var_443,0.0005901723703572452
645,flow_byts_s_median_80,0.0005897368697588375
1136,fwd_iat_min_mean_443,0.0005844677652981906
750,flow_iat_max_skew_443,0.0005834667010977744
283,bwd_iat_std_sum_80,0.0005819169552522214
464,bwd_pkts_b_avg_skew_443,0.0005755526963306413
1544,idle_max_skew_443,0.0005748541943053841
2242,totlen_fwd_pkts_mean_5228,0.00057418391691644
1214,fwd_iat_tot_median_443,0.0005731760310143632
1370,fwd_pkt_len_std_skew_443,0.000570344174976091
816,flow_iat_min_mean_80,0.0005701077276635138
1490,fwd_seg_size_avg_sum_443,0.0005624585905869804
1569,idle_mean_max_853,0.00056234636988018
1273,fwd_pkt_len_max_var_443,0.0005607035574979098
1109,fwd_iat_mean_min_853,0.000559385245358253
1865,pkt_len_var_max_80,0.0005565595951242197
1879,pkt_len_var_std_5228,0.0005548225136165497
649,flow_byts_s_min_5228,0.0005535760017409336
1366,fwd_pkt_len_std_median_80,0.0005532112429316366
1222,fwd_iat_tot_skew_5228,0.0005528610292985824
1039,fwd_header_len_std_80,0.0005513692514145047
830,flow_iat_min_std_443,0.0005499746820720937
665,flow_byts_s_sum_443,0.0005484066383612339
1251,fwd_pkt_len_max_median_443,0.0005446546892732973
671,flow_byts_s_var_443,0.000543976054486715
1415,fwd_pkts_s_mean_5228,0.0005439752910537773
1067,fwd_iat_max_median_5228,0.0005436720771459738
2069,subflow_fwd_pkts_max_80,0.000542700884226503
1611,idle_min_min_853,0.0005396652408043994
239,bwd_iat_min_mean_5228,0.0005390256016981794
1543,idle_max_min_853,0.0005377396525088983
1284,fwd_pkt_len_mean_max_5228,0.0005374228046953831
122,bwd_byts_b_avg_skew_443,0.0005342854374405091
1898,pkt_size_avg_mean_5228,0.0005319927823439083
1411,fwd_pkts_s_max_80,0.0005318386672405754
1609,idle_min_median_80,0.00053171480401202
1576,idle_mean_median_853,0.0005314697190759167
500,bwd_pkts_s_skew_5228,0.0005295084162841399
1327,fwd_pkt_len_min_mean_443,0.000526459613743305
1950,subflow_bwd_byts_mean_5228,0.0005230875502989425
1104,fwd_iat_mean_median_5228,0.0005229875774454213
921,flow_pkts_s_sum_443,0.0005226362519301468
1178,fwd_iat_std_median_5228,0.0005213202721158485
1071,fwd_iat_max_min_80,0.0005201048716983196
1566,idle_mean_max_443,0.0005175779665617425
32,active_mean_mean_443,0.000516445423968873
70,active_std_skew_443,0.0005142090136047217
238,bwd_iat_min_mean_443,0.0005119753454690798
1532,idle_max_max_443,0.0005115947480259748
1969,subflow_bwd_byts_sum_443,0.000508449450750506
247,bwd_iat_min_skew_5228,0.0005076683968772868
900,flow_pkts_s_median_5228,0.0005015626867964029
938,fwd_act_data_pkts_max_443,0.0005010290430071228
377,bwd_pkt_len_mean_skew_80,0.0004990540137938496
695,flow_duration_median_443,0.0004986728292176801
429,bwd_pkt_len_std_mean_5228,0.0004971061905082818
836,flow_iat_min_sum_80,0.0004957326424688812
1967,subflow_bwd_byts_std_80,0.0004954060039505701
2074,subflow_fwd_pkts_mean_80,0.0004931351883309408
1408,fwd_pkts_s_max_443,0.0004921190909948047
484,bwd_pkts_s_max_5228,0.0004914570551341127
426,bwd_pkt_len_std_max_5228,0.0004914169431738118
1644,idle_std_median_853,0.000491203498207845
1078,fwd_iat_max_std_5228,0.0004896726804433303
286,bwd_iat_std_var_80,0.00048377636467647115
1536,idle_max_mean_443,0.00047514681212947063
1373,fwd_pkt_len_std_std_443,0.0004747641132210547
542,bwd_seg_size_avg_skew_443,0.00047199237398325687
763,flow_iat_max_var_5228,0.00047015948712686006
956,fwd_act_data_pkts_std_443,0.00046837294221894007
1845,pkt_len_std_skew_443,0.0004677788338286084
640,flow_byts_s_mean_80,0.0004669333235150642
302,bwd_iat_tot_min_5228,0.0004660570232643098
1671,init_bwd_win_byts_mean_443,0.00046431523908240435
2246,totlen_fwd_pkts_median_443,0.00046387847459229453
747,flow_iat_max_min_5228,0.00046127663035342977
824,flow_iat_min_min_80,0.000460061419811679
1469,fwd_seg_size_avg_mean_443,0.0004590709079178387
1259,fwd_pkt_len_max_skew_443,0.00045854177631725844
1606,idle_min_mean_80,0.0004537875077955479
1627,idle_min_var_853,0.00045346115320028986
659,flow_byts_s_std_443,0.0004529112224877474
276,bwd_iat_std_skew_5228,0.000447604243654735
942,fwd_act_data_pkts_mean_443,0.00044671480616630235
781,flow_iat_mean_median_5228,0.00044437748936468054
363,bwd_pkt_len_mean_mean_443,0.0004418524462657083
305,bwd_iat_tot_skew_5228,0.00044004749792764724
1161,fwd_iat_min_var_80,0.00043749782678668086
1582,idle_mean_std_443,0.0004359893012040104
1148,fwd_iat_min_skew_5228,0.00043470808223034993
253,bwd_iat_min_sum_5228,0.00043362225830750894
1753,pkt_len_max_var_443,0.0004332259968363995
857,flow_iat_std_median_5228,0.0004297889416615397
245,bwd_iat_min_min_80,0.00042591292675902897
244,bwd_iat_min_min_5228,0.0004210103216878605
52,active_min_skew_443,0.00042094057370808133
832,flow_iat_min_std_80,0.00042091650545824174
548,bwd_seg_size_avg_std_80,0.0004176670790811224
470,bwd_pkts_b_avg_sum_443,0.0004125658876295789
1063,fwd_iat_max_mean_5228,0.0004093120439303797
1141,fwd_iat_min_median_5228,0.0004091567607308148
1897,pkt_size_avg_mean_443,0.00040621202226878163
1885,pkt_len_var_var_5228,0.0004058446387052824
2157,tot_fwd_pkts_max_80,0.00040541376051047255
544,bwd_seg_size_avg_skew_80,0.000402938350615436
555,bwd_seg_size_avg_var_5228,0.0004018438169077673
214,bwd_iat_mean_median_80,0.0004007625854604433
674,flow_byts_s_var_80,0.0004001966218587435
2175,tot_fwd_pkts_skew_80,0.00040005998706577837
281,bwd_iat_std_sum_443,0.00039956363942681865
865,flow_iat_std_skew_5228,0.0003987665746600174
1451,fwd_pkts_s_var_80,0.00039595888504539084
690,flow_duration_mean_5228,0.00039440790430570193
1767,pkt_len_mean_mean_443,0.00039028514378290174
1172,fwd_iat_std_max_853,0.0003890318377933543
864,flow_iat_std_skew_443,0.0003874187306650447
583,down_up_ratio_median_443,0.00038692898936178654
1082,fwd_iat_max_sum_5228,0.0003857193278672837
2087,subflow_fwd_pkts_skew_80,0.00038528380269608017
1443,fwd_pkts_s_sum_5228,0.0003849202141580328
734,flow_iat_max_max_443,0.00038457253236471965
1197,fwd_iat_std_var_5228,0.0003775844446476222
1142,fwd_iat_min_median_80,0.0003765038883440651
236,bwd_iat_min_max_5228,0.0003764296492362775
2248,totlen_fwd_pkts_median_53,0.00037628296155805006
2258,totlen_fwd_pkts_skew_53,0.00037501821703491914
1150,fwd_iat_min_skew_853,0.0003738653572274905
2207,totlen_bwd_pkts_median_443,0.00037244416122801335
1364,fwd_pkt_len_std_median_443,0.00037172546598546294
849,flow_iat_std_max_5228,0.00037159167680201574
1854,pkt_len_std_var_443,0.00037101095604427496
1220,fwd_iat_tot_min_853,0.0003707608244539171
1448,fwd_pkts_s_var_443,0.00036963255314548997
965,fwd_act_data_pkts_var_443,0.00036924950877912066
2008,subflow_bwd_pkts_sum_80,0.0003684010093119155
364,bwd_pkt_len_mean_mean_5228,0.0003656500459399612
660,flow_byts_s_std_5228,0.00036457411217714425
1157,fwd_iat_min_sum_80,0.0003639941480704097
1390,fwd_pkts_b_avg_mean_443,0.000362918776349296
1379,fwd_pkt_len_std_var_443,0.00036258625464346677
716,flow_duration_sum_123,0.00035957481647574263
432,bwd_pkt_len_std_median_5228,0.00035859757494535976
893,flow_pkts_s_mean_443,0.000358504298776351
240,bwd_iat_min_mean_80,0.00035793477721978264
1299,fwd_pkt_len_mean_skew_443,0.0003573026691230726
1181,fwd_iat_std_min_5228,0.0003564128859536102
840,flow_iat_min_var_80,0.0003560368045270602
2244,totlen_fwd_pkts_mean_80,0.0003551369573958833
509,bwd_pkts_s_sum_80,0.000353390755168221
1425,fwd_pkts_s_min_443,0.0003525098311432839
1215,fwd_iat_tot_median_5228,0.00035241592631076244
772,flow_iat_mean_max_443,0.0003523027633435306
256,bwd_iat_min_var_5228,0.00035120593460171226
1697,init_fwd_win_byts_mean_443,0.0003475022355398309
1371,fwd_pkt_len_std_skew_5228,0.00034527346829003115
14,active_max_mean_443,0.00034521666388962174
1473,fwd_seg_size_avg_median_443,0.00034326202911854844
720,flow_duration_sum_80,0.0003428807366651972
1086,fwd_iat_max_var_5228,0.0003393825173012186
785,flow_iat_mean_min_5228,0.0003387827496327699
467,bwd_pkts_b_avg_std_443,0.0003373557847617373
1095,fwd_iat_mean_max_443,0.0003356677848531546
1431,fwd_pkts_s_skew_5228,0.0003344377022508988
215,bwd_iat_mean_min_5228,0.00033303468807121243
1975,subflow_bwd_byts_var_80,0.00033279087004038204
312,bwd_iat_tot_sum_80,0.0003323809837302328
1619,idle_min_std_853,0.000331651967209045
664,flow_byts_s_sum_123,0.00033157302663249384
1138,fwd_iat_min_mean_80,0.00033019962480940066
1421,fwd_pkts_s_median_5228,0.0003301141880746834
178,bwd_iat_max_max_5228,0.00032919622237194407
530,bwd_seg_size_avg_mean_443,0.0003291171398816944
1116,fwd_iat_mean_std_80,0.000328341692707238
211,bwd_iat_mean_mean_80,0.0003275826832398771
410,bwd_pkt_len_min_std_443,0.00032646496080244737
1881,pkt_len_var_sum_443,0.0003263188635877214
1145,fwd_iat_min_min_80,0.0003251256893284837
1374,fwd_pkt_len_std_std_5228,0.00032148606632337
855,flow_iat_std_mean_853,0.00031997349714250737
1849,pkt_len_std_std_5228,0.0003189841144151127
1151,fwd_iat_min_std_443,0.00031748165578214657
198,bwd_iat_max_var_5228,0.0003170585495577258
1902,pkt_size_avg_median_5228,0.00031698414760729057
1637,idle_std_max_853,0.0003167762449770762
189,bwd_iat_max_skew_5228,0.00031624881628252946
833,flow_iat_min_std_853,0.0003154616488223179
2201,totlen_bwd_pkts_max_80,0.0003144733145670556
1589,idle_mean_sum_853,0.0003132466732076184
446,bwd_pkt_len_std_var_5228,0.0003119622481938687
1539,idle_max_mean_853,0.00030910514402596455
2090,subflow_fwd_pkts_std_5228,0.0003088101678382954
457,bwd_pkts_b_avg_mean_443,0.00030702205198510204
206,bwd_iat_mean_max_443,0.00030698616221973735
2159,tot_fwd_pkts_mean_443,0.00030673355747916115
1534,idle_max_max_80,0.00030639601557322523
1835,pkt_len_std_max_80,0.0003054200748934113
1301,fwd_pkt_len_mean_skew_53,0.0003052109459020594
2208,totlen_bwd_pkts_median_5228,0.0003034069228546904
2057,subflow_fwd_byts_var_53,0.0003026569153173104
1607,idle_min_mean_853,0.00030255991833776633
928,flow_pkts_s_var_5228,0.000302325969541077
1218,fwd_iat_tot_min_5228,0.00030214899029734355
313,bwd_iat_tot_var_443,0.0003018241747007259
1495,fwd_seg_size_avg_var_443,0.0003015771049589308
827,flow_iat_min_skew_5228,0.00030093393991357273
894,flow_pkts_s_mean_5228,0.00029887103754301235
184,bwd_iat_max_median_5228,0.00029832066741010036
1866,pkt_len_var_mean_443,0.0002967427267324028
1193,fwd_iat_std_sum_5228,0.00029633225981864507
1570,idle_mean_mean_443,0.0002961563977058208
297,bwd_iat_tot_mean_5228,0.0002949708892466425
922,flow_pkts_s_sum_5228,0.00029471775291602077
1590,idle_mean_var_443,0.00029413536376502033
300,bwd_iat_tot_median_5228,0.00029394206445712117
48,active_min_max_443,0.00029223660770997693
1122,fwd_iat_mean_var_443,0.0002919791755715076
2041,subflow_fwd_byts_skew_53,0.00029188681267562617
1211,fwd_iat_tot_mean_5228,0.0002910100662465117
1486,fwd_seg_size_avg_std_5228,0.0002908425594071253
1169,fwd_iat_std_max_443,0.0002899365498454681
2243,totlen_fwd_pkts_mean_53,0.00028949765049009316
694,flow_duration_median_123,0.00028923618606136906
249,bwd_iat_min_std_443,0.00028832290548011947
697,flow_duration_median_80,0.00028827499700687917
1034,fwd_header_len_skew_80,0.0002869891222881179
1878,pkt_len_var_std_443,0.0002869488685680123
228,bwd_iat_mean_var_80,0.0002860604636564392
1852,pkt_len_std_sum_5228,0.00028584044832860757
2092,subflow_fwd_pkts_std_80,0.00028553917634075126
293,bwd_iat_tot_max_443,0.0002839648022961365
266,bwd_iat_std_max_80,0.00028373699051343487
1031,fwd_header_len_skew_443,0.0002836404383969869
702,flow_duration_min_80,0.00028340945464869926
1548,idle_max_std_443,0.00028246884942580483
187,bwd_iat_max_min_80,0.0002817187397807402
221,bwd_iat_mean_std_5228,0.00028157561832447886
904,flow_pkts_s_min_443,0.00028064740426118987
128,bwd_byts_b_avg_sum_443,0.00027971461147530607
823,flow_iat_min_min_5228,0.00027846294203069476
1059,fwd_iat_max_max_5228,0.0002774927119583274
2040,subflow_fwd_byts_skew_5228,0.0002774826958694857
1556,idle_max_var_443,0.0002773402278049632
723,flow_duration_var_443,0.0002770374273300321
1819,pkt_len_min_sum_443,0.0002762760624050619
1361,fwd_pkt_len_std_mean_443,0.00027519927482956157
851,flow_iat_std_max_853,0.00027492062901053014
273,bwd_iat_std_min_5228,0.00027433627413395867
1395,fwd_pkts_b_avg_std_443,0.0002736369134510278
68,active_std_mean_443,0.0002734345228672837
2025,subflow_fwd_byts_mean_5228,0.00027214462205770134
1070,fwd_iat_max_min_5228,0.00027182276992469785
1102,fwd_iat_mean_mean_853,0.00027054598064922233
1036,fwd_header_len_std_443,0.00026892928604783256
800,flow_iat_mean_var_443,0.0002685320547838634
1120,fwd_iat_mean_sum_80,0.0002682253539343592
508,bwd_pkts_s_sum_5228,0.0002667885854046544
2026,subflow_fwd_byts_mean_53,0.00026607811872546815
162,bwd_header_len_std_80,0.00026440884179305604
961,fwd_act_data_pkts_sum_443,0.00026388033487178446
440,bwd_pkt_len_std_std_5228,0.0002628957294572223
711,flow_duration_std_443,0.00026241994097209604
861,flow_iat_std_min_5228,0.00026208939107302077
1585,idle_mean_std_853,0.0002617671762854137
1100,fwd_iat_mean_mean_5228,0.0002616584539639429
2117,tot_bwd_pkts_max_443,0.0002616217309899568
1173,fwd_iat_std_mean_443,0.0002610540189478517
1304,fwd_pkt_len_mean_std_5228,0.0002607964052752178
1714,init_fwd_win_byts_var_443,0.0002602329457966585
177,bwd_iat_max_max_443,0.0002600585274272913
511,bwd_pkts_s_var_443,0.00025947791064362055
1884,pkt_len_var_var_443,0.00025887644478982157
1654,idle_std_sum_443,0.00025857911686492767
787,flow_iat_mean_min_853,0.00025781269796124376
267,bwd_iat_std_mean_443,0.00025740729777840347
1518,fwd_seg_size_min_var_443,0.0002573949580945246
1287,fwd_pkt_len_mean_mean_443,0.00025718180341605384
299,bwd_iat_tot_median_443,0.00025614643498522244
1072,fwd_iat_max_min_853,0.0002558708951885413
255,bwd_iat_min_var_443,0.00025536606227263733
388,bwd_pkt_len_mean_var_5228,0.0002546252280698727
1336,fwd_pkt_len_min_skew_53,0.0002546204546874371
1115,fwd_iat_mean_std_5228,0.00025321242457593425
36,active_mean_std_443,0.000252583893988413
485,bwd_pkts_s_max_80,0.00025255971836269715
1535,idle_max_max_853,0.00025255132211070573
1624,idle_min_var_443,0.00025240918359542135
280,bwd_iat_std_std_80,0.00025152322675267737
1743,pkt_len_max_std_443,0.0002513275421802325
250,bwd_iat_min_std_5228,0.0002469860769616564
1143,fwd_iat_min_median_853,0.00024628645921693755
417,bwd_pkt_len_min_var_443,0.0002457271383275644
684,flow_duration_max_5228,0.0002456578243195599
2029,subflow_fwd_byts_median_443,0.0002452453680474495
1073,fwd_iat_max_skew_443,0.0002446492120132394
50,active_min_mean_443,0.00024337756088775115
2203,totlen_bwd_pkts_mean_443,0.0002429675235993833
705,flow_duration_skew_443,0.0002417791497097661
1219,fwd_iat_tot_min_80,0.00024116875493538823
1586,idle_mean_sum_443,0.0002406043743281661
1552,idle_max_sum_443,0.00024045629305064848
66,active_std_max_443,0.0002390208309496726
493,bwd_pkts_s_median_80,0.0002390154788233043
338,bwd_pkt_len_max_skew_443,0.0002389854230120134
307,bwd_iat_tot_std_443,0.00023860897525181368
852,flow_iat_std_mean_443,0.00023845298827396389
1058,fwd_iat_max_max_443,0.00023721738048659098
216,bwd_iat_mean_min_80,0.00023589931209112941
1848,pkt_len_std_std_443,0.00023270391416771487
654,flow_byts_s_skew_5228,0.00023237765488732325
1417,fwd_pkts_s_mean_80,0.00023067749361147075
1772,pkt_len_mean_median_5228,0.00023040762738598362
387,bwd_pkt_len_mean_var_443,0.00023011519697797278
179,bwd_iat_max_max_80,0.00022909891548232163
1023,fwd_header_len_median_443,0.0002270098074573984
777,flow_iat_mean_mean_5228,0.00022481522155844613
819,flow_iat_min_median_5228,0.00022479753834911932
1380,fwd_pkt_len_std_var_5228,0.00022444289487581108
2101,subflow_fwd_pkts_var_5228,0.00022411104747305596
1449,fwd_pkts_s_var_5228,0.0002238153578026772
1139,fwd_iat_min_mean_853,0.000220691611088069
264,bwd_iat_std_max_443,0.00022032875113442893
751,flow_iat_max_skew_5228,0.00021942559200104382
180,bwd_iat_max_mean_443,0.00021934406185513587
223,bwd_iat_mean_sum_443,0.00021917253783528847
1681,init_bwd_win_byts_std_443,0.00021824974864416937
792,flow_iat_mean_std_443,0.0002176988199960183
1338,fwd_pkt_len_min_std_443,0.0002172972855851177
848,flow_iat_std_max_443,0.00021698165518098625
2046,subflow_fwd_byts_std_53,0.00021584994021351327
1602,idle_min_max_80,0.0002152622999954232
2084,subflow_fwd_pkts_skew_443,0.00021482719853285344
1739,pkt_len_max_skew_443,0.00021448208070508964
786,flow_iat_mean_min_80,0.0002136635400642708
887,flow_pkts_s_max_443,0.0002133179199773151
2125,tot_bwd_pkts_median_443,0.00021327270578870656
504,bwd_pkts_s_std_5228,0.0002128719302798146
1097,fwd_iat_mean_max_80,0.00021277299136069502
308,bwd_iat_tot_std_5228,0.0002122134927841609
1650,idle_std_std_443,0.00021212859003131137
596,down_up_ratio_std_5228,0.00021205539568645688
850,flow_iat_std_max_80,0.00021185627503974967
218,bwd_iat_mean_skew_5228,0.00021175546474851164
1836,pkt_len_std_mean_443,0.00021140109405528513
1581,idle_mean_skew_853,0.0002105175899598411
164,bwd_header_len_sum_443,0.00020817677635695102
1855,pkt_len_std_var_5228,0.0002076696970208544
512,bwd_pkts_s_var_5228,0.00020743915719914226
196,bwd_iat_max_sum_80,0.00020699308967439035
473,bwd_pkts_b_avg_var_443,0.0002069664451581452
1867,pkt_len_var_mean_5228,0.00020689139542973248
1174,fwd_iat_std_mean_5228,0.00020650515999831354
1961,subflow_bwd_byts_skew_443,0.00020625809135816454
225,bwd_iat_mean_sum_80,0.00020625102371444175
2263,totlen_fwd_pkts_std_53,0.00020592182205290705
1144,fwd_iat_min_min_5228,0.00020567565414678345
1441,fwd_pkts_s_sum_123,0.00020349425378375736
1678,init_bwd_win_byts_skew_443,0.00020269614710395061
1249,fwd_pkt_len_max_mean_53,0.00020241914605867016
1221,fwd_iat_tot_skew_443,0.00020232022921317763
910,flow_pkts_s_skew_5228,0.00020182901089846046
718,flow_duration_sum_5228,0.00020182352540568568
1302,fwd_pkt_len_mean_skew_80,0.0002014446851635378
1436,fwd_pkts_s_std_443,0.00020045191474093465
869,flow_iat_std_std_5228,0.0001995217683604981
1184,fwd_iat_std_skew_443,0.00019884267123088293
115,bwd_byts_b_avg_mean_443,0.00019881533779312675
1359,fwd_pkt_len_std_max_5228,0.00019844578689337297
1133,fwd_iat_min_max_5228,0.00019718728214290827
528,bwd_seg_size_avg_max_80,0.0001965654274332835
38,active_mean_sum_443,0.0001956047457742722
495,bwd_pkts_s_min_443,0.00019509247947797448
346,bwd_pkt_len_max_sum_443,0.00019454849187072073
1768,pkt_len_mean_mean_5228,0.00019375764939218203
798,flow_iat_mean_sum_80,0.00019269362012540233
192,bwd_iat_max_std_5228,0.0001920434408776221
309,bwd_iat_tot_std_80,0.00019156764634759612
295,bwd_iat_tot_max_80,0.0001913066550449372
1658,idle_std_var_443,0.0001906039014218527
1470,fwd_seg_size_avg_mean_5228,0.0001900383463243906
1119,fwd_iat_mean_sum_5228,0.0001899889234570336
2154,tot_fwd_pkts_max_443,0.00018939827212977948
801,flow_iat_mean_var_5228,0.00018923206072189703
1183,fwd_iat_std_min_853,0.00018901919699085382
1135,fwd_iat_min_max_853,0.00018824074527538123
1152,fwd_iat_min_std_5228,0.00018796923327537164
2143,tot_bwd_pkts_sum_80,0.00018778868646367406
699,flow_duration_min_123,0.00018777299486056392
692,flow_duration_mean_80,0.00018647980446857628
74,active_std_sum_443,0.00018640576168095605
1208,fwd_iat_tot_max_80,0.0001862800507129156
1376,fwd_pkt_len_std_sum_443,0.00018608751313003812
1231,fwd_iat_tot_sum_80,0.00018562737150158636
749,flow_iat_max_min_853,0.0001855309126753195
1911,pkt_size_avg_skew_53,0.00018549042305460127
683,flow_duration_max_443,0.00018412146870469982
311,bwd_iat_tot_sum_5228,0.0001840818867915895
534,bwd_seg_size_avg_median_443,0.00018406253351866975
1042,fwd_header_len_sum_443,0.00018362891668204196
367,bwd_pkt_len_mean_median_443,0.00018261236179515874
1372,fwd_pkt_len_std_skew_80,0.0001820586070211961
389,bwd_pkt_len_mean_var_80,0.0001816849754109327
1788,pkt_len_mean_sum_443,0.0001808626881273488
1001,fwd_byts_b_avg_std_443,0.0001801142331876766
1308,fwd_pkt_len_mean_sum_443,0.00017974305079648063
1047,fwd_header_len_var_443,0.00017893523136466042
874,flow_iat_std_sum_80,0.00017890309239846088
837,flow_iat_min_sum_853,0.00017802928220942584
778,flow_iat_mean_mean_80,0.00017762189971991642
1687,init_bwd_win_byts_var_443,0.00017760809078015216
901,flow_pkts_s_median_80,0.00017700354769170052
2267,totlen_fwd_pkts_sum_443,0.0001769340292560569
1137,fwd_iat_min_mean_5228,0.00017636270661270398
1303,fwd_pkt_len_mean_std_443,0.00017634578570709656
761,flow_iat_max_sum_853,0.0001758924857194382
1114,fwd_iat_mean_std_443,0.00017548640115817697
18,active_max_std_443,0.00017529565557717375
907,flow_pkts_s_min_853,0.0001747384983200555
1013,fwd_header_len_max_443,0.00017418443275317514
2228,totlen_bwd_pkts_var_5228,0.0001728933290758959
863,flow_iat_std_min_853,0.00017231201492005593
1212,fwd_iat_tot_mean_80,0.00017186933017807483
1313,fwd_pkt_len_mean_var_443,0.00017185996511561466
30,active_mean_max_443,0.0001710163338435123
1918,pkt_size_avg_sum_443,0.00017077795223029109
2178,tot_fwd_pkts_std_5228,0.00017066939357340052
209,bwd_iat_mean_mean_443,0.00017006424031932704
920,flow_pkts_s_sum_123,0.0001699298505704511
1162,fwd_iat_min_var_853,0.0001697872483721504
867,flow_iat_std_skew_853,0.00016903993631799238
1230,fwd_iat_tot_sum_5228,0.00016903236778488054
604,down_up_ratio_var_5228,0.00016846518096462788
1615,idle_min_skew_853,0.00016744595213743412
1288,fwd_pkt_len_mean_mean_5228,0.00016737263951839765
1159,fwd_iat_min_var_443,0.00016722702770177568
1649,idle_std_skew_853,0.0001668053056410676
2268,totlen_fwd_pkts_sum_5228,0.00016620951766366162
584,down_up_ratio_median_5228,0.00016561437174088798
1194,fwd_iat_std_sum_80,0.00016550053520613626
507,bwd_pkts_s_sum_443,0.000164864801329996
650,flow_byts_s_min_80,0.0001641309068866415
315,bwd_iat_tot_var_80,0.0001637877940746903
1843,pkt_len_std_min_5228,0.00016036862971849765
1910,pkt_size_avg_skew_5228,0.0001602548441874637
776,flow_iat_mean_mean_443,0.00015940625627951615
1140,fwd_iat_min_median_443,0.0001587132950760938
1025,fwd_header_len_median_80,0.0001573304155283487
1657,idle_std_sum_853,0.0001572881551592293
686,flow_duration_max_80,0.00015726914389936018
1882,pkt_len_var_sum_5228,0.00015529557034764637
1741,pkt_len_max_skew_53,0.00015461655993979958
220,bwd_iat_mean_std_443,0.0001542724504060023
1064,fwd_iat_max_mean_80,0.00015381466152341355
2137,tot_bwd_pkts_std_443,0.0001537128216303463
56,active_min_sum_443,0.00015313405016190295
1077,fwd_iat_max_std_443,0.00015264303799986367
1235,fwd_iat_tot_var_80,0.0001522413956991396
1180,fwd_iat_std_median_853,0.00015214308942135054
272,bwd_iat_std_median_80,0.00015205890392406117
1227,fwd_iat_tot_std_80,0.00015052955938562175
1813,pkt_len_min_skew_53,0.00015048033460995678
2030,subflow_fwd_byts_median_5228,0.00014925948714792926
1622,idle_min_sum_80,0.00014898952618221591
76,active_std_var_443,0.00014845163974162298
148,bwd_header_len_median_443,0.00014830440681878017
1914,pkt_size_avg_std_5228,0.00014827916957356875
888,flow_pkts_s_max_5228,0.0001477771824334483
784,flow_iat_mean_min_443,0.00014761472889564337
735,flow_iat_max_max_5228,0.0001471369257949036
2042,subflow_fwd_byts_skew_80,0.0001466806413558942
1409,fwd_pkts_s_max_5228,0.00014616827409048646
265,bwd_iat_std_max_5228,0.00014601616394513124
821,flow_iat_min_median_853,0.00014513372561447243
1160,fwd_iat_min_var_5228,0.00014484747749119643
1085,fwd_iat_max_var_443,0.0001447396832430748
1912,pkt_size_avg_skew_80,0.00014473436501132633
488,bwd_pkts_s_mean_5228,0.00014408850651016707
818,flow_iat_min_median_443,0.00014407758666848522
1445,fwd_pkts_s_sum_80,0.00014293186988557812
1024,fwd_header_len_median_5228,0.00014254927248767355
1113,fwd_iat_mean_skew_853,0.00014251204306551773
1348,fwd_pkt_len_min_var_443,0.00014232042696050323
2237,totlen_fwd_pkts_max_5228,0.00014181501743680325
1061,fwd_iat_max_max_853,0.0001417747710431316
2185,tot_fwd_pkts_sum_53,0.00014157639909094833
1105,fwd_iat_mean_median_80,0.0001407547485023371
743,flow_iat_max_median_5228,0.0001397285533191764
996,fwd_byts_b_avg_mean_443,0.00013934867072491273
2229,totlen_bwd_pkts_var_80,0.00013907224216330778
712,flow_duration_std_5228,0.00013892141004559556
841,flow_iat_min_var_853,0.00013888205280371054
2024,subflow_fwd_byts_mean_443,0.00013882460913235625
226,bwd_iat_mean_var_443,0.00013839151700635732
1291,fwd_pkt_len_mean_median_443,0.0001379495694036646
2216,totlen_bwd_pkts_skew_5228,0.00013787966703104714
1816,pkt_len_min_std_53,0.00013785979716134176
1876,pkt_len_var_skew_5228,0.00013781226895596407
1924,pkt_size_avg_var_5228,0.00013778715073508086
1083,fwd_iat_max_sum_80,0.0001374205739850233
550,bwd_seg_size_avg_sum_443,0.0001372772931353215
853,flow_iat_std_mean_5228,0.00013683946915567076
916,flow_pkts_s_std_5228,0.00013643406250411273
1847,pkt_len_std_skew_80,0.00013612470830058634
1784,pkt_len_mean_std_5228,0.00013416242901956486
144,bwd_header_len_mean_443,0.00013392896882748559
1638,idle_std_mean_443,0.00013352401173273603
2220,totlen_bwd_pkts_std_5228,0.00013084968616251252
1837,pkt_len_std_mean_5228,0.00013076592404729018
1188,fwd_iat_std_std_443,0.0001307117868023477
1785,pkt_len_mean_std_53,0.0001305802705183288
1185,fwd_iat_std_skew_5228,0.00013027676517332032
1756,pkt_len_max_var_80,0.00013020555767802062
1480,fwd_seg_size_avg_min_80,0.0001301539991260358
434,bwd_pkt_len_std_min_5228,0.00013006463855914818
1896,pkt_size_avg_max_80,0.00012927816519595002
1433,fwd_pkts_s_skew_80,0.000129218466604578
2189,tot_fwd_pkts_var_5228,0.0001291377289112408
2066,subflow_fwd_pkts_max_443,0.0001288284876512943
1900,pkt_size_avg_mean_80,0.00012794328644178893
2188,tot_fwd_pkts_var_443,0.00012724026378041253
1062,fwd_iat_max_mean_443,0.00012718205084144403
1424,fwd_pkts_s_min_123,0.00012704744126674702
635,flow_byts_s_max_853,0.00012690845328578986
242,bwd_iat_min_median_5228,0.0001267127984256383
1840,pkt_len_std_median_5228,0.00012655576773821999
1850,pkt_len_std_std_80,0.00012561368359839846
2103,subflow_fwd_pkts_var_80,0.00012458729765032415
1508,fwd_seg_size_min_skew_443,0.0001244704054265904
2172,tot_fwd_pkts_skew_443,0.00012425802991030224
927,flow_pkts_s_var_443,0.00012408600111632045
547,bwd_seg_size_avg_std_5228,0.00012321023389475985
2274,totlen_fwd_pkts_var_53,0.00012305524798789019
741,flow_iat_max_mean_853,0.00012246686532142308
301,bwd_iat_tot_median_80,0.0001219550958145002
1331,fwd_pkt_len_min_median_53,0.00012156461585881809
207,bwd_iat_mean_max_5228,0.00012138514291381128
1362,fwd_pkt_len_std_mean_5228,0.00012121837943677938
829,flow_iat_min_skew_853,0.00012105838985768328
825,flow_iat_min_min_853,0.00012028444652472991
54,active_min_std_443,0.00012021136035443819
442,bwd_pkt_len_std_sum_443,0.0001195749391438101
227,bwd_iat_mean_var_5228,0.00011895613115990598
1107,fwd_iat_mean_min_5228,0.00011859900727566628
269,bwd_iat_std_mean_80,0.00011859889497208763
2050,subflow_fwd_byts_sum_443,0.00011856844575413341
2273,totlen_fwd_pkts_var_5228,0.00011848177326053642
2224,totlen_bwd_pkts_sum_5228,0.00011818338540335797
2272,totlen_fwd_pkts_var_443,0.00011815295875231216
222,bwd_iat_mean_std_80,0.00011807772003340219
482,bwd_pkts_s_max_123,0.00011735287787018731
296,bwd_iat_tot_mean_443,0.00011687153870932847
1846,pkt_len_std_skew_5228,0.00011672096413915064
877,flow_iat_std_var_5228,0.00011610383756651752
2095,subflow_fwd_pkts_sum_443,0.00011545252971464132
896,flow_pkts_s_mean_80,0.00011526523519185799
1794,pkt_len_mean_var_5228,0.00011518784203924445
915,flow_pkts_s_std_443,0.00011510987322628933
1206,fwd_iat_tot_max_443,0.00011315495337893066
754,flow_iat_max_std_443,0.00011307216132105882
1044,fwd_header_len_sum_53,0.00011297950738670693
2180,tot_fwd_pkts_std_80,0.0001118931176753023
2045,subflow_fwd_byts_std_5228,0.00011143610074658898
185,bwd_iat_max_median_80,0.00011126368858638707
1018,fwd_header_len_mean_443,0.00011120617339355287
1426,fwd_pkts_s_min_5228,0.0001106645660172562
2121,tot_bwd_pkts_mean_443,0.00011021396954321631
1196,fwd_iat_std_var_443,0.00010885227603136746
2262,totlen_fwd_pkts_std_5228,0.00010864679874037517
1350,fwd_pkt_len_min_var_53,0.00010819591086364459
1298,fwd_pkt_len_mean_min_80,0.00010807129445367321
298,bwd_iat_tot_mean_80,0.00010774203185624067
182,bwd_iat_max_mean_80,0.00010694471385488933
1154,fwd_iat_min_std_853,0.00010642754256993256
2183,tot_fwd_pkts_sum_443,0.00010619394064192379
1925,pkt_size_avg_var_53,0.0001058962366965263
1987,subflow_bwd_pkts_mean_5228,0.00010587979926852697
310,bwd_iat_tot_sum_443,0.00010550681127191335
2141,tot_bwd_pkts_sum_443,0.00010538531860981232
344,bwd_pkt_len_max_std_80,0.00010522727675260259
2003,subflow_bwd_pkts_std_5228,0.00010519235586577637
924,flow_pkts_s_sum_80,0.0001049389277976256
380,bwd_pkt_len_mean_std_5228,0.00010453840033492849
1213,fwd_iat_tot_mean_853,0.00010365411581969226
813,flow_iat_min_max_853,0.0001030944904527059
2077,subflow_fwd_pkts_median_5228,0.0001029808934081463
2020,subflow_fwd_byts_max_5228,0.00010282285216237997
1229,fwd_iat_tot_sum_443,0.00010273063705838288
1005,fwd_byts_b_avg_var_443,0.00010269084751062954
1921,pkt_size_avg_sum_80,0.00010238770286382043
1187,fwd_iat_std_skew_853,0.00010229656722536481
1179,fwd_iat_std_median_80,0.00010146722143338677
1334,fwd_pkt_len_min_skew_443,0.00010139853801370383
1476,fwd_seg_size_avg_median_80,0.00010060387104562689
1746,pkt_len_max_std_80,0.00010048849861820601
794,flow_iat_mean_std_80,0.0001001830810133812
1171,fwd_iat_std_max_80,0.00010017381723143899
1656,idle_std_sum_80,0.00010011545053627001
1538,idle_max_mean_80,0.00010005838698753851
1068,fwd_iat_max_median_80,0.00010005336564141748
736,flow_iat_max_max_80,9.95580858303477e-05
2204,totlen_bwd_pkts_mean_5228,9.937194374798369e-05
762,flow_iat_max_var_443,9.92898466442638e-05
157,bwd_header_len_skew_5228,9.855532801633977e-05
303,bwd_iat_tot_min_80,9.762411366689808e-05
22,active_max_var_443,9.746633513146436e-05
1974,subflow_bwd_byts_var_5228,9.53931193693652e-05
2011,subflow_bwd_pkts_var_5228,9.455532167577508e-05
905,flow_pkts_s_min_5228,9.40473837404516e-05
2089,subflow_fwd_pkts_std_443,9.387199588029897e-05
1261,fwd_pkt_len_max_skew_53,9.292472137254734e-05
765,flow_iat_max_var_853,9.261410466254112e-05
945,fwd_act_data_pkts_mean_80,9.183116305350057e-05
600,down_up_ratio_sum_5228,9.170988394851932e-05
195,bwd_iat_max_sum_5228,9.114746128504452e-05
701,flow_duration_min_5228,9.096648273128123e-05
284,bwd_iat_std_var_443,9.04168716583412e-05
1032,fwd_header_len_skew_5228,9.04146920102267e-05
1060,fwd_iat_max_max_80,9.007320544389076e-05
2135,tot_bwd_pkts_skew_80,8.959411625897238e-05
1028,fwd_header_len_min_5228,8.928378056113375e-05
1106,fwd_iat_mean_median_853,8.798541918011505e-05
1377,fwd_pkt_len_std_sum_5228,8.734992098721993e-05
268,bwd_iat_std_mean_5228,8.700599353595762e-05
757,flow_iat_max_std_853,8.642693350031102e-05
1588,idle_mean_sum_80,8.623287493745874e-05
1954,subflow_bwd_byts_median_5228,8.599376110540322e-05
437,bwd_pkt_len_std_skew_5228,8.587066735195197e-05
1210,fwd_iat_tot_mean_443,8.579425518587802e-05
1998,subflow_bwd_pkts_skew_443,8.579301596041007e-05
871,flow_iat_std_std_853,8.56240864091281e-05
576,down_up_ratio_max_5228,8.545533999138948e-05
2215,totlen_bwd_pkts_skew_443,8.543809275109335e-05
407,bwd_pkt_len_min_skew_443,8.519149860239566e-05
1796,pkt_len_mean_var_80,8.411366947239042e-05
1275,fwd_pkt_len_max_var_53,8.409237526364863e-05
199,bwd_iat_max_var_80,8.381855547615695e-05
186,bwd_iat_max_min_5228,8.378568155818353e-05
1099,fwd_iat_mean_mean_443,8.351479354636664e-05
168,bwd_header_len_var_443,8.342173192431665e-05
430,bwd_pkt_len_std_mean_80,8.259508566867755e-05
1190,fwd_iat_std_std_80,8.177796962534902e-05
1367,fwd_pkt_len_std_min_443,8.1315209052936e-05
1084,fwd_iat_max_sum_853,8.08418282596076e-05
546,bwd_seg_size_avg_std_443,8.058347704905836e-05
1966,subflow_bwd_byts_std_5228,8.052381835505454e-05
427,bwd_pkt_len_std_max_80,8.044960756526434e-05
1246,fwd_pkt_len_max_max_80,8.029621948690686e-05
125,bwd_byts_b_avg_std_443,8.027710784650281e-05
1513,fwd_seg_size_min_sum_443,8.005419453794153e-05
1906,pkt_size_avg_min_5228,7.993856171700314e-05
34,active_mean_skew_443,7.993114242227663e-05
490,bwd_pkts_s_median_123,7.99122064967688e-05
1437,fwd_pkts_s_std_5228,7.97749474526192e-05
696,flow_duration_median_5228,7.963629496127392e-05
1551,idle_max_std_853,7.890019940170071e-05
1555,idle_max_sum_853,7.883604404752712e-05
727,flow_duration_var_853,7.880401263080375e-05
1982,subflow_bwd_pkts_max_443,7.816664258805453e-05
1198,fwd_iat_std_var_80,7.81548922747537e-05
1427,fwd_pkts_s_min_80,7.764360190388879e-05
1920,pkt_size_avg_sum_53,7.743086233189884e-05
802,flow_iat_mean_var_80,7.735990360513468e-05
663,flow_byts_s_std_853,7.695603926243048e-05
1915,pkt_size_avg_std_53,7.679172094321003e-05
2055,subflow_fwd_byts_var_443,7.672738154461959e-05
1226,fwd_iat_tot_std_5228,7.630452661292306e-05
601,down_up_ratio_sum_80,7.606614345396762e-05
687,flow_duration_max_853,7.55848765969013e-05
715,flow_duration_std_853,7.526948495367551e-05
1485,fwd_seg_size_avg_std_443,7.523939542815618e-05
1780,pkt_len_mean_skew_5228,7.516665574091077e-05
1572,idle_mean_mean_80,7.493915318082302e-05
738,flow_iat_max_mean_443,7.479104560685824e-05
724,flow_duration_var_5228,7.464695309893702e-05
496,bwd_pkts_s_min_5228,7.453093211001556e-05
2241,totlen_fwd_pkts_mean_443,7.403119632555814e-05
1124,fwd_iat_mean_var_80,7.392104348239458e-05
1471,fwd_seg_size_avg_mean_53,7.350554663087333e-05
278,bwd_iat_std_std_443,7.347348719307841e-05
2056,subflow_fwd_byts_var_5228,7.329363157451993e-05
1329,fwd_pkt_len_min_mean_53,7.294478146427701e-05
486,bwd_pkts_s_mean_123,7.292451625114618e-05
1048,fwd_header_len_var_5228,7.289590905200981e-05
208,bwd_iat_mean_max_80,7.27688385769147e-05
1292,fwd_pkt_len_mean_median_5228,7.172092023409476e-05
2133,tot_bwd_pkts_skew_443,7.070035473076643e-05
1300,fwd_pkt_len_mean_skew_5228,7.062357303622031e-05
131,bwd_byts_b_avg_var_443,7.0376938094181e-05
2236,totlen_fwd_pkts_max_443,7.022625188507081e-05
503,bwd_pkts_s_std_443,6.97262837288312e-05
444,bwd_pkt_len_std_sum_80,6.91891312324788e-05
1750,pkt_len_max_sum_53,6.885323759448059e-05
783,flow_iat_mean_median_853,6.777308312802431e-05
2270,totlen_fwd_pkts_sum_80,6.759256328318302e-05
1314,fwd_pkt_len_mean_var_5228,6.739606026227633e-05
2261,totlen_fwd_pkts_std_443,6.683635989742228e-05
1146,fwd_iat_min_min_853,6.610987328048493e-05
1640,idle_std_mean_80,6.601485570415224e-05
2259,totlen_fwd_pkts_skew_80,6.591458781647173e-05
285,bwd_iat_std_var_5228,6.559545238027756e-05
1466,fwd_seg_size_avg_max_5228,6.55853962006878e-05
1883,pkt_len_var_sum_80,6.485737347306964e-05
535,bwd_seg_size_avg_median_5228,6.401784837306628e-05
58,active_min_var_443,6.39800334829043e-05
1080,fwd_iat_max_std_853,6.339799429902871e-05
2118,tot_bwd_pkts_max_5228,6.316034334367987e-05
1088,fwd_iat_max_var_853,6.256618858374568e-05
1620,idle_min_sum_443,6.244023302662572e-05
2072,subflow_fwd_pkts_mean_5228,6.241173169758679e-05
1575,idle_mean_median_80,6.22904138065414e-05
191,bwd_iat_max_std_443,6.171803086184067e-05
717,flow_duration_sum_443,6.10468784797517e-05
698,flow_duration_median_853,6.080597184481176e-05
1207,fwd_iat_tot_max_5228,6.0429830326721246e-05
1413,fwd_pkts_s_mean_123,5.9823775892511535e-05
1019,fwd_header_len_mean_5228,5.933640001646971e-05
282,bwd_iat_std_sum_5228,5.929938101712186e-05
797,flow_iat_mean_sum_5228,5.8498772190077724e-05
755,flow_iat_max_std_5228,5.786039169198707e-05
1781,pkt_len_mean_skew_53,5.75847486502445e-05
1886,pkt_len_var_var_80,5.7540844225975505e-05
656,flow_byts_s_skew_80,5.725909316254145e-05
551,bwd_seg_size_avg_sum_5228,5.680071472691608e-05
2022,subflow_fwd_byts_max_80,5.6779908866734605e-05
1117,fwd_iat_mean_std_853,5.656373941774951e-05
2051,subflow_fwd_byts_sum_5228,5.575156205124418e-05
1547,idle_max_skew_853,5.562349009076454e-05
1309,fwd_pkt_len_mean_sum_5228,5.463965417943113e-05
1661,idle_std_var_853,5.455552889406682e-05
1228,fwd_iat_tot_std_853,5.443273708949526e-05
314,bwd_iat_tot_var_5228,5.423912476965109e-05
40,active_mean_var_443,5.36124394202941e-05
918,flow_pkts_s_std_80,5.300934888023203e-05
1310,fwd_pkt_len_mean_sum_53,5.3000244677509794e-05
760,flow_iat_max_sum_80,5.289829062784082e-05
773,flow_iat_mean_max_5228,5.256095582253302e-05
1087,fwd_iat_max_var_80,5.239617566072961e-05
2100,subflow_fwd_pkts_var_443,5.2379147356475615e-05
1949,subflow_bwd_byts_mean_443,5.2110756255674255e-05
891,flow_pkts_s_max_853,5.196335593268925e-05
873,flow_iat_std_sum_5228,5.193613627216405e-05
2061,subflow_fwd_pkts_count_443,5.1293237863208796e-05
16,active_max_skew_443,5.1160317746121886e-05
1096,fwd_iat_mean_max_5228,5.081075674018871e-05
1496,fwd_seg_size_avg_var_5228,5.0775223640241445e-05
1423,fwd_pkts_s_median_853,5.062992876508379e-05
793,flow_iat_mean_std_5228,4.973330592080289e-05
210,bwd_iat_mean_mean_5228,4.9640635588407466e-05
878,flow_iat_std_var_80,4.8881574968906106e-05
2269,totlen_fwd_pkts_sum_53,4.841685458294699e-05
1643,idle_std_median_80,4.8355396762379455e-05
1108,fwd_iat_mean_min_80,4.825767925935779e-05
872,flow_iat_std_sum_443,4.8207479213006334e-05
368,bwd_pkt_len_mean_median_5228,4.788098861615809e-05
662,flow_byts_s_std_80,4.761508062738058e-05
1769,pkt_len_mean_mean_53,4.726025290408499e-05
1123,fwd_iat_mean_var_5228,4.7111649811722345e-05
1727,pkt_len_max_mean_443,4.661145699512139e-05
611,ece_flag_cnt_count_853,4.6080102134755154e-05
1270,fwd_pkt_len_max_sum_53,4.563104986070069e-05
505,bwd_pkts_s_std_80,4.557301195123694e-05
2275,totlen_fwd_pkts_var_80,4.5053084309418845e-05
745,flow_iat_max_median_853,4.5028621210904125e-05
2126,tot_bwd_pkts_median_5228,4.492339388186137e-05
489,bwd_pkts_s_mean_80,4.465511351644717e-05
1684,init_bwd_win_byts_sum_443,4.459204577287712e-05
796,flow_iat_mean_sum_443,4.450613645991752e-05
1306,fwd_pkt_len_mean_std_80,4.414569648466546e-05
902,flow_pkts_s_median_853,4.40072979691283e-05
2019,subflow_fwd_byts_max_443,4.367309096175472e-05
384,bwd_pkt_len_mean_sum_5228,4.34303660753573e-05
1289,fwd_pkt_len_mean_mean_53,4.3406564193042265e-05
1807,pkt_len_min_mean_53,4.319223228610289e-05
169,bwd_header_len_var_5228,4.2969782143014805e-05
2252,totlen_fwd_pkts_min_5228,4.14857083462139e-05
393,bwd_pkt_len_min_count_53,4.135854874631862e-05
1439,fwd_pkts_s_std_80,4.109386670460379e-05
1315,fwd_pkt_len_mean_var_53,4.070839669319779e-05
1652,idle_std_std_80,4.06010066812941e-05
1158,fwd_iat_min_sum_853,4.0483636670275614e-05
224,bwd_iat_mean_sum_5228,4.0303918242783056e-05
1870,pkt_len_var_median_5228,4.013198084384663e-05
1345,fwd_pkt_len_min_sum_53,3.9456091037876845e-05
1170,fwd_iat_std_max_5228,3.921443603685763e-05
543,bwd_seg_size_avg_skew_5228,3.9077191320929624e-05
1825,pkt_len_min_var_53,3.906697886819273e-05
779,flow_iat_mean_mean_853,3.900815649945148e-05
12,active_max_max_443,3.8518538382213e-05
868,flow_iat_std_std_443,3.841738721266586e-05
1175,fwd_iat_std_mean_80,3.8404826735206106e-05
1483,fwd_seg_size_avg_skew_53,3.8033889282479496e-05
1224,fwd_iat_tot_skew_853,3.795338465102742e-05
1559,idle_max_var_853,3.789524417822111e-05
1962,subflow_bwd_byts_skew_5228,3.773727965919217e-05
713,flow_duration_std_53,3.761338990469572e-05
1733,pkt_len_max_median_53,3.758809522614515e-05
689,flow_duration_mean_443,3.748972884052546e-05
1037,fwd_header_len_std_5228,3.736026013660846e-05
2052,subflow_fwd_byts_sum_53,3.71504311509317e-05
1491,fwd_seg_size_avg_sum_5228,3.711226099444169e-05
911,flow_pkts_s_skew_53,3.694606691464544e-05
1999,subflow_bwd_pkts_skew_5228,3.674559361455479e-05
1766,pkt_len_mean_max_80,3.6535382971129305e-05
1790,pkt_len_mean_sum_53,3.603256361288604e-05
2164,tot_fwd_pkts_median_443,3.589982791719484e-05
20,active_max_sum_443,3.5771471710580875e-05
1541,idle_max_median_80,3.530599220160345e-05
1996,subflow_bwd_pkts_min_80,3.493474680251337e-05
1250,fwd_pkt_len_max_mean_80,3.480241101226443e-05
1225,fwd_iat_tot_std_443,3.432177131049871e-05
669,flow_byts_s_sum_853,3.4227521083930877e-05
1497,fwd_seg_size_avg_var_53,3.4047270284062575e-05
2053,subflow_fwd_byts_sum_80,3.369457605707458e-05
2032,subflow_fwd_byts_median_80,3.3512334755560444e-05
2134,tot_bwd_pkts_skew_5228,3.300334689285157e-05
1795,pkt_len_mean_var_53,3.290160130723932e-05
2000,subflow_bwd_pkts_skew_80,3.268840225932623e-05
651,flow_byts_s_min_853,3.255651515019063e-05
1748,pkt_len_max_sum_443,3.253713449981084e-05
279,bwd_iat_std_std_5228,3.250995774819131e-05
1176,fwd_iat_std_mean_853,3.231544155536212e-05
759,flow_iat_max_sum_5228,3.1969540272860526e-05
72,active_std_std_443,3.179865082755502e-05
2098,subflow_fwd_pkts_sum_80,3.167134836000231e-05
1856,pkt_len_std_var_80,3.156257394478384e-05
1076,fwd_iat_max_skew_853,3.145632209894494e-05
919,flow_pkts_s_std_853,3.1337520875871604e-05
753,flow_iat_max_skew_853,3.1266889143015794e-05
1873,pkt_len_var_min_5228,3.0989782853904895e-05
181,bwd_iat_max_mean_5228,2.9944849615461196e-05
1236,fwd_iat_tot_var_853,2.9759934650233708e-05
438,bwd_pkt_len_std_skew_80,2.957077883817614e-05
441,bwd_pkt_len_std_std_80,2.9089547782098136e-05
588,down_up_ratio_min_5228,2.8549512954187854e-05
2173,tot_fwd_pkts_skew_5228,2.8117609292735543e-05
1707,init_fwd_win_byts_std_443,2.769398674252811e-05
340,bwd_pkt_len_max_skew_80,2.720732026517416e-05
581,down_up_ratio_mean_80,2.6743233196358777e-05
1406,fwd_pkts_s_count_853,2.6571109923628106e-05
1216,fwd_iat_tot_median_80,2.620488624121121e-05
964,fwd_act_data_pkts_sum_80,2.594643131366405e-05
1121,fwd_iat_mean_sum_853,2.565288132332783e-05
2257,totlen_fwd_pkts_skew_5228,2.5450026308485943e-05
605,down_up_ratio_var_80,2.526883172366387e-05
875,flow_iat_std_sum_853,2.4601635474796618e-05
693,flow_duration_mean_853,2.4109606769371532e-05
161,bwd_header_len_std_5228,2.3525528069868665e-05
554,bwd_seg_size_avg_var_443,2.27507895590119e-05
876,flow_iat_std_var_443,2.2558190898086062e-05
1710,init_fwd_win_byts_sum_443,2.215726069179989e-05
1079,fwd_iat_max_std_80,2.0959910224913546e-05
959,fwd_act_data_pkts_std_80,2.041253195486104e-05
739,flow_iat_max_mean_5228,1.8852055430009922e-05
194,bwd_iat_max_sum_443,1.8830734062948777e-05
641,flow_byts_s_mean_853,1.862234275985623e-05
2146,tot_bwd_pkts_var_5228,1.8294428925065223e-05
1233,fwd_iat_tot_var_443,1.7882863468025653e-05
791,flow_iat_mean_skew_853,1.785847251541181e-05
2006,subflow_bwd_pkts_sum_443,1.7721075481518095e-05
1440,fwd_pkts_s_std_853,1.7608637691867354e-05
513,bwd_pkts_s_var_80,1.75498209799724e-05
817,flow_iat_min_mean_853,1.7051172455836375e-05
597,down_up_ratio_std_80,1.7034075623894083e-05
531,bwd_seg_size_avg_mean_5228,1.6972454888944695e-05
721,flow_duration_sum_853,1.6865164933708935e-05
892,flow_pkts_s_mean_123,1.6850711695465473e-05
1223,fwd_iat_tot_skew_80,1.6274701591458826e-05
2012,subflow_bwd_pkts_var_80,1.6084801168806583e-05
740,flow_iat_max_mean_80,1.5981678170341744e-05
726,flow_duration_var_80,1.597728341114628e-05
790,flow_iat_mean_skew_80,1.578544489022317e-05
744,flow_iat_max_median_80,1.5681534406129403e-05
1195,fwd_iat_std_sum_853,1.5457250994466562e-05
1316,fwd_pkt_len_mean_var_80,1.5094967057617663e-05
391,bwd_pkt_len_min_count_443,1.444434934595902e-05
636,flow_byts_s_mean_123,1.4330652112464442e-05
703,flow_duration_min_853,1.421129365528192e-05
1474,fwd_seg_size_avg_median_5228,1.3512799658960622e-05
501,bwd_pkts_s_skew_80,1.340235677478093e-05
379,bwd_pkt_len_mean_std_443,1.2932136246799229e-05
2219,totlen_bwd_pkts_std_443,1.2688625670631942e-05
1118,fwd_iat_mean_sum_443,1.2504492450718219e-05
1626,idle_min_var_80,1.2429822333323583e-05
1234,fwd_iat_tot_var_5228,1.2308990473796991e-05
886,flow_pkts_s_max_123,1.1989025842475719e-05
1899,pkt_size_avg_mean_53,1.1637699926416317e-05
494,bwd_pkts_s_min_123,1.1295943934296374e-05
1713,init_fwd_win_byts_sum_853,1.1267210461995041e-05
2145,tot_bwd_pkts_var_443,1.1000148487098491e-05
948,fwd_act_data_pkts_median_80,1.0739332659951621e-05
1758,pkt_len_mean_count_443,1.0707376240271056e-05
1482,fwd_seg_size_avg_skew_5228,1.0337177621900567e-05
709,flow_duration_skew_853,1.0153978154307822e-05
1381,fwd_pkt_len_std_var_80,9.496204766729452e-06
1970,subflow_bwd_byts_sum_5228,8.824064667580322e-06
1383,fwd_pkts_b_avg_count_443,8.428646322931535e-06
1498,fwd_seg_size_avg_var_80,8.203016197899847e-06
1069,fwd_iat_max_median_853,7.891873424342274e-06
1149,fwd_iat_min_skew_80,7.814336462974493e-06
1412,fwd_pkts_s_max_853,7.678363367321358e-06
1296,fwd_pkt_len_mean_min_5228,7.513102108366276e-06
1274,fwd_pkt_len_max_var_5228,7.474673158133682e-06
1926,pkt_size_avg_var_80,7.36850701183938e-06
930,flow_pkts_s_var_80,7.305519913627667e-06
2138,tot_bwd_pkts_std_5228,6.9807348305790794e-06
1260,fwd_pkt_len_max_skew_5228,6.7126428450486445e-06
1653,idle_std_std_853,6.249873129292668e-06
1851,pkt_len_std_sum_443,6.069445226494464e-06
2122,tot_bwd_pkts_mean_5228,5.837328209769713e-06
1075,fwd_iat_max_skew_80,5.813621229977162e-06
614,fin_flag_cnt_count_5228,5.333773046739544e-06
688,flow_duration_mean_123,5.206898286813001e-06
1877,pkt_len_var_skew_80,5.074815029274874e-06
376,bwd_pkt_len_mean_skew_5228,4.999504266718325e-06
248,bwd_iat_min_skew_80,4.4349390043466e-06
1065,fwd_iat_max_mean_853,4.279528002177894e-06
1965,subflow_bwd_byts_std_443,4.267126001173064e-06
1711,init_fwd_win_byts_sum_5228,4.108749843627623e-06
619,fin_flag_cnt_sum_443,3.954379236600042e-06
1789,pkt_len_mean_sum_5228,3.826925658462591e-06
898,flow_pkts_s_median_123,3.6515625092464554e-06
160,bwd_header_len_std_443,3.593652127964217e-06
536,bwd_seg_size_avg_median_80,3.561221361755887e-06
1265,fwd_pkt_len_max_std_53,3.4996805603175615e-06
1253,fwd_pkt_len_max_median_53,3.4714626321632746e-06
294,bwd_iat_tot_max_5228,3.3852279201862404e-06
2177,tot_fwd_pkts_std_443,2.8578979731391573e-06
968,fwd_act_data_pkts_var_80,2.668694412931123e-06
193,bwd_iat_max_std_80,2.6504396535256795e-06
1821,pkt_len_min_sum_53,2.3171024276350865e-06
1434,fwd_pkts_s_skew_853,1.666529924765285e-06
646,flow_byts_s_median_853,1.5660488877500328e-06
1199,fwd_iat_std_var_853,1.4763863372075748e-06
89,bwd_blk_rate_avg_mean_80,1.358323706853393e-06
774,flow_iat_mean_max_80,9.170558406372627e-07
630,flow_byts_s_max_123,4.849782412334481e-07
1958,subflow_bwd_byts_min_5228,4.7149190589532703e-07
1554,idle_max_sum_80,4.626364120861381e-07
2058,subflow_fwd_byts_var_80,4.502165708599989e-07
1081,fwd_iat_max_sum_443,4.42449861555669e-07
691,flow_duration_mean_53,4.320643476631728e-07
1340,fwd_pkt_len_min_std_53,4.1225977487303843e-07
1101,fwd_iat_mean_mean_80,4.035101597540066e-07
1232,fwd_iat_tot_sum_853,3.9140260982677664e-07
1043,fwd_header_len_sum_5228,3.8245207857350293e-07
1266,fwd_pkt_len_max_std_80,3.79851183851381e-07
197,bwd_iat_max_var_443,3.763811841197316e-07
1729,pkt_len_max_mean_53,3.7582590807205786e-07
1472,fwd_seg_size_avg_mean_80,3.6133459845571275e-07
828,flow_iat_min_skew_80,3.34992492311949e-07
1419,fwd_pkts_s_median_123,3.34579261041199e-07
1745,pkt_len_max_std_53,3.301545871760709e-07
2002,subflow_bwd_pkts_std_443,3.251269450879204e-07
954,fwd_act_data_pkts_skew_53,2.809963915936456e-07
1862,pkt_len_var_count_853,2.54968927332066e-07
1695,init_fwd_win_byts_count_853,0.0
1686,init_bwd_win_byts_sum_80,0.0
1580,idle_mean_skew_80,0.0
2277,urg_flag_cnt_count_123,0.0
1682,init_bwd_win_byts_std_5228,0.0
1709,init_fwd_win_byts_std_853,0.0
1685,init_bwd_win_byts_sum_5228,0.0
1692,init_fwd_win_byts_count_5228,0.0
2281,urg_flag_cnt_count_80,0.0
2278,urg_flag_cnt_count_443,0.0
1689,init_bwd_win_byts_var_80,0.0
2082,subflow_fwd_pkts_min_80,0.0
1691,init_fwd_win_byts_count_443,0.0
1690,init_fwd_win_byts_count_123,0.0
2081,subflow_fwd_pkts_min_5228,0.0
2279,urg_flag_cnt_count_5228,0.0
1688,init_bwd_win_byts_var_5228,0.0
1708,init_fwd_win_byts_std_80,0.0
1706,init_fwd_win_byts_skew_853,0.0
2140,tot_bwd_pkts_sum_123,0.0
1700,init_fwd_win_byts_median_80,0.0
1579,idle_mean_skew_5228,0.0
2139,tot_bwd_pkts_std_80,0.0
1696,init_fwd_win_byts_max_853,0.0
2079,subflow_fwd_pkts_median_853,0.0
1694,init_fwd_win_byts_count_80,0.0
1574,idle_mean_median_5228,0.0
1699,init_fwd_win_byts_mean_853,0.0
2280,urg_flag_cnt_count_53,0.0
2078,subflow_fwd_pkts_median_80,0.0
2080,subflow_fwd_pkts_min_443,0.0
1701,init_fwd_win_byts_median_853,0.0
1571,idle_mean_mean_5228,0.0
1702,init_fwd_win_byts_min_80,0.0
1683,init_bwd_win_byts_std_80,0.0
1703,init_fwd_win_byts_min_853,0.0
2245,totlen_fwd_pkts_mean_853,0.0
1705,init_fwd_win_byts_skew_80,0.0
1693,init_fwd_win_byts_count_53,0.0
1698,init_fwd_win_byts_mean_80,0.0
2253,totlen_fwd_pkts_min_53,0.0
1680,init_bwd_win_byts_skew_80,0.0
2107,syn_flag_cnt_count_5228,0.0
2111,tot_bwd_pkts_count_123,0.0
2110,syn_flag_cnt_count_853,0.0
2124,tot_bwd_pkts_median_123,0.0
2260,totlen_fwd_pkts_skew_853,0.0
1608,idle_min_median_5228,0.0
2109,syn_flag_cnt_count_80,0.0
2108,syn_flag_cnt_count_53,0.0
1605,idle_min_mean_5228,0.0
2127,tot_bwd_pkts_median_80,0.0
2128,tot_bwd_pkts_min_123,0.0
2106,syn_flag_cnt_count_443,0.0
2112,tot_bwd_pkts_count_443,0.0
1647,idle_std_skew_5228,0.0
1601,idle_min_max_5228,0.0
1648,idle_std_skew_80,0.0
2271,totlen_fwd_pkts_sum_853,0.0
1599,idle_min_count_853,0.0
2105,syn_flag_cnt_count_123,0.0
2104,subflow_fwd_pkts_var_853,0.0
2129,tot_bwd_pkts_min_443,0.0
1598,idle_min_count_80,0.0
1597,idle_min_count_53,0.0
1642,idle_std_median_5228,0.0
1639,idle_std_mean_5228,0.0
2247,totlen_fwd_pkts_median_5228,0.0
2265,totlen_fwd_pkts_std_853,0.0
1621,idle_min_sum_5228,0.0
2120,tot_bwd_pkts_mean_123,0.0
1618,idle_min_std_80,0.0
1617,idle_min_std_5228,0.0
2266,totlen_fwd_pkts_sum_123,0.0
1623,idle_min_sum_853,0.0
1625,idle_min_var_5228,0.0
2116,tot_bwd_pkts_count_853,0.0
1614,idle_min_skew_80,0.0
2115,tot_bwd_pkts_count_80,0.0
2264,totlen_fwd_pkts_std_80,0.0
2113,tot_bwd_pkts_count_5228,0.0
1628,idle_std_count_123,0.0
2114,tot_bwd_pkts_count_53,0.0
1629,idle_std_count_443,0.0
1630,idle_std_count_5228,0.0
1631,idle_std_count_53,0.0
1632,idle_std_count_80,0.0
1633,idle_std_count_853,0.0
1613,idle_min_skew_5228,0.0
1635,idle_std_max_5228,0.0
1636,idle_std_max_80,0.0
2102,subflow_fwd_pkts_var_53,0.0
1596,idle_min_count_5228,0.0
1651,idle_std_std_5228,0.0
2249,totlen_fwd_pkts_median_80,0.0
1670,init_bwd_win_byts_max_80,0.0
2250,totlen_fwd_pkts_median_853,0.0
1672,init_bwd_win_byts_mean_5228,0.0
1584,idle_mean_std_80,0.0
1673,init_bwd_win_byts_mean_80,0.0
2144,tot_bwd_pkts_var_123,0.0
1583,idle_mean_std_5228,0.0
2094,subflow_fwd_pkts_sum_123,0.0
1674,init_bwd_win_byts_median_5228,0.0
2093,subflow_fwd_pkts_std_853,0.0
2091,subflow_fwd_pkts_std_53,0.0
2099,subflow_fwd_pkts_sum_853,0.0
1675,init_bwd_win_byts_median_80,0.0
1676,init_bwd_win_byts_min_5228,0.0
2276,totlen_fwd_pkts_var_853,0.0
2136,tot_bwd_pkts_std_123,0.0
1677,init_bwd_win_byts_min_80,0.0
2088,subflow_fwd_pkts_skew_853,0.0
2086,subflow_fwd_pkts_skew_53,0.0
2085,subflow_fwd_pkts_skew_5228,0.0
1679,init_bwd_win_byts_skew_5228,0.0
2083,subflow_fwd_pkts_min_853,0.0
1669,init_bwd_win_byts_max_5228,0.0
1668,init_bwd_win_byts_max_443,0.0
1667,init_bwd_win_byts_count_853,0.0
1666,init_bwd_win_byts_count_80,0.0
1595,idle_min_count_443,0.0
2255,totlen_fwd_pkts_min_853,0.0
1594,idle_min_count_123,0.0
1593,idle_mean_var_853,0.0
2254,totlen_fwd_pkts_min_80,0.0
1592,idle_mean_var_80,0.0
1591,idle_mean_var_5228,0.0
1655,idle_std_sum_5228,0.0
2130,tot_bwd_pkts_min_5228,0.0
2131,tot_bwd_pkts_min_80,0.0
1587,idle_mean_sum_5228,0.0
2132,tot_bwd_pkts_skew_123,0.0
1659,idle_std_var_5228,0.0
1660,idle_std_var_80,0.0
1662,init_bwd_win_byts_count_123,0.0
2097,subflow_fwd_pkts_sum_53,0.0
1663,init_bwd_win_byts_count_443,0.0
2251,totlen_fwd_pkts_min_443,0.0
1664,init_bwd_win_byts_count_5228,0.0
1665,init_bwd_win_byts_count_53,0.0
2096,subflow_fwd_pkts_sum_5228,0.0
1936,rst_flag_cnt_count_53,0.0
1775,pkt_len_mean_min_443,0.0
1712,init_fwd_win_byts_sum_80,0.0
1992,subflow_bwd_pkts_median_80,0.0
1860,pkt_len_var_count_53,0.0
1861,pkt_len_var_count_80,0.0
2187,tot_fwd_pkts_sum_853,0.0
2186,tot_fwd_pkts_sum_80,0.0
2001,subflow_bwd_pkts_std_123,0.0
1868,pkt_len_var_mean_80,0.0
1871,pkt_len_var_median_80,0.0
1997,subflow_bwd_pkts_skew_123,0.0
1872,pkt_len_var_min_443,0.0
1874,pkt_len_var_min_80,0.0
1995,subflow_bwd_pkts_min_5228,0.0
1994,subflow_bwd_pkts_min_443,0.0
1993,subflow_bwd_pkts_min_123,0.0
1991,subflow_bwd_pkts_median_5228,0.0
1858,pkt_len_var_count_443,0.0
2184,tot_fwd_pkts_sum_5228,0.0
1990,subflow_bwd_pkts_median_443,0.0
1880,pkt_len_var_std_80,0.0
1989,subflow_bwd_pkts_median_123,0.0
2182,tot_fwd_pkts_sum_123,0.0
1986,subflow_bwd_pkts_mean_443,0.0
1985,subflow_bwd_pkts_mean_123,0.0
1983,subflow_bwd_pkts_max_5228,0.0
1887,pkt_size_avg_count_123,0.0
1888,pkt_size_avg_count_443,0.0
1889,pkt_size_avg_count_5228,0.0
1981,subflow_bwd_pkts_count_853,0.0
1890,pkt_size_avg_count_53,0.0
1859,pkt_len_var_count_5228,0.0
2142,tot_bwd_pkts_sum_5228,0.0
1817,pkt_len_min_std_80,0.0
2196,totlen_bwd_pkts_count_53,0.0
1820,pkt_len_min_sum_5228,0.0
1822,pkt_len_min_sum_80,0.0
1823,pkt_len_min_sum_853,0.0
1826,pkt_len_min_var_80,0.0
1827,pkt_len_std_count_123,0.0
1828,pkt_len_std_count_443,0.0
1829,pkt_len_std_count_5228,0.0
2202,totlen_bwd_pkts_mean_123,0.0
1830,pkt_len_std_count_53,0.0
1831,pkt_len_std_count_80,0.0
2198,totlen_bwd_pkts_count_853,0.0
1832,pkt_len_std_count_853,0.0
2197,totlen_bwd_pkts_count_80,0.0
2195,totlen_bwd_pkts_count_5228,0.0
1853,pkt_len_std_sum_80,0.0
2010,subflow_bwd_pkts_var_443,0.0
2194,totlen_bwd_pkts_count_443,0.0
1838,pkt_len_std_mean_80,0.0
1841,pkt_len_std_median_80,0.0
1842,pkt_len_std_min_443,0.0
2009,subflow_bwd_pkts_var_123,0.0
1844,pkt_len_std_min_80,0.0
2193,totlen_bwd_pkts_count_123,0.0
2007,subflow_bwd_pkts_sum_5228,0.0
2192,tot_fwd_pkts_var_853,0.0
2005,subflow_bwd_pkts_sum_123,0.0
2190,tot_fwd_pkts_var_53,0.0
2004,subflow_bwd_pkts_std_80,0.0
2155,tot_fwd_pkts_max_5228,0.0
2156,tot_fwd_pkts_max_53,0.0
1980,subflow_bwd_pkts_count_80,0.0
1929,psh_flag_cnt_count_5228,0.0
2171,tot_fwd_pkts_min_853,0.0
1916,pkt_size_avg_std_80,0.0
2170,tot_fwd_pkts_min_80,0.0
1952,subflow_bwd_byts_median_123,0.0
1917,pkt_size_avg_sum_123,0.0
1919,pkt_size_avg_sum_5228,0.0
2169,tot_fwd_pkts_min_5228,0.0
2168,tot_fwd_pkts_min_443,0.0
2167,tot_fwd_pkts_median_853,0.0
1922,pkt_size_avg_sum_853,0.0
1927,psh_flag_cnt_count_123,0.0
1928,psh_flag_cnt_count_443,0.0
1948,subflow_bwd_byts_mean_123,0.0
1930,psh_flag_cnt_count_53,0.0
2181,tot_fwd_pkts_std_853,0.0
1931,psh_flag_cnt_count_80,0.0
1932,psh_flag_cnt_count_853,0.0
1933,rst_flag_cnt_count_123,0.0
2166,tot_fwd_pkts_median_80,0.0
1934,rst_flag_cnt_count_443,0.0
1944,subflow_bwd_byts_count_853,0.0
1943,subflow_bwd_byts_count_80,0.0
1942,subflow_bwd_byts_count_53,0.0
1941,subflow_bwd_byts_count_5228,0.0
1940,subflow_bwd_byts_count_443,0.0
1939,subflow_bwd_byts_count_123,0.0
1938,rst_flag_cnt_count_853,0.0
1937,rst_flag_cnt_count_80,0.0
2165,tot_fwd_pkts_median_5228,0.0
2163,tot_fwd_pkts_mean_853,0.0
2161,tot_fwd_pkts_mean_53,0.0
2160,tot_fwd_pkts_mean_5228,0.0
1979,subflow_bwd_pkts_count_53,0.0
1891,pkt_size_avg_count_80,0.0
2179,tot_fwd_pkts_std_53,0.0
1892,pkt_size_avg_count_853,0.0
1978,subflow_bwd_pkts_count_5228,0.0
2158,tot_fwd_pkts_max_853,0.0
1977,subflow_bwd_pkts_count_443,0.0
1895,pkt_size_avg_max_53,0.0
1976,subflow_bwd_pkts_count_123,0.0
2176,tot_fwd_pkts_skew_853,0.0
1973,subflow_bwd_byts_var_443,0.0
2174,tot_fwd_pkts_skew_53,0.0
1972,subflow_bwd_byts_var_123,0.0
1968,subflow_bwd_byts_sum_123,0.0
1964,subflow_bwd_byts_std_123,0.0
1963,subflow_bwd_byts_skew_80,0.0
1960,subflow_bwd_byts_skew_123,0.0
1959,subflow_bwd_byts_min_80,0.0
1903,pkt_size_avg_median_53,0.0
1904,pkt_size_avg_median_80,0.0
1905,pkt_size_avg_min_443,0.0
1957,subflow_bwd_byts_min_443,0.0
1956,subflow_bwd_byts_min_123,0.0
1907,pkt_size_avg_min_53,0.0
1908,pkt_size_avg_min_80,0.0
1955,subflow_bwd_byts_median_80,0.0
1568,idle_mean_max_80,0.0
1818,pkt_len_min_sum_123,0.0
1814,pkt_len_min_skew_80,0.0
2076,subflow_fwd_pkts_median_443,0.0
2060,subflow_fwd_pkts_count_123,0.0
1747,pkt_len_max_sum_123,0.0
1749,pkt_len_max_sum_5228,0.0
1751,pkt_len_max_sum_80,0.0
2064,subflow_fwd_pkts_count_80,0.0
2063,subflow_fwd_pkts_count_53,0.0
2239,totlen_fwd_pkts_max_80,0.0
1752,pkt_len_max_sum_853,0.0
2238,totlen_fwd_pkts_max_53,0.0
2062,subflow_fwd_pkts_count_5228,0.0
1754,pkt_len_max_var_5228,0.0
1755,pkt_len_max_var_53,0.0
1757,pkt_len_mean_count_123,0.0
1759,pkt_len_mean_count_5228,0.0
2059,subflow_fwd_byts_var_853,0.0
2240,totlen_fwd_pkts_max_853,0.0
1760,pkt_len_mean_count_53,0.0
1761,pkt_len_mean_count_80,0.0
1762,pkt_len_mean_count_853,0.0
2147,tot_bwd_pkts_var_80,0.0
2054,subflow_fwd_byts_sum_853,0.0
2235,totlen_fwd_pkts_count_853,0.0
2148,tot_fwd_pkts_count_123,0.0
2049,subflow_fwd_byts_sum_123,0.0
2234,totlen_fwd_pkts_count_80,0.0
2233,totlen_fwd_pkts_count_53,0.0
1765,pkt_len_mean_max_53,0.0
2149,tot_fwd_pkts_count_443,0.0
2048,subflow_fwd_byts_std_853,0.0
1744,pkt_len_max_std_5228,0.0
1742,pkt_len_max_skew_80,0.0
2206,totlen_bwd_pkts_median_123,0.0
1722,pkt_len_max_count_853,0.0
2075,subflow_fwd_pkts_mean_853,0.0
2073,subflow_fwd_pkts_mean_53,0.0
2071,subflow_fwd_pkts_mean_443,0.0
2070,subflow_fwd_pkts_max_853,0.0
1715,init_fwd_win_byts_var_80,0.0
1716,init_fwd_win_byts_var_853,0.0
1717,pkt_len_max_count_123,0.0
1718,pkt_len_max_count_443,0.0
1719,pkt_len_max_count_5228,0.0
2068,subflow_fwd_pkts_max_53,0.0
1720,pkt_len_max_count_53,0.0
1721,pkt_len_max_count_80,0.0
2067,subflow_fwd_pkts_max_5228,0.0
1723,pkt_len_max_max_443,0.0
1740,pkt_len_max_skew_5228,0.0
1724,pkt_len_max_max_5228,0.0
1725,pkt_len_max_max_53,0.0
1726,pkt_len_max_max_80,0.0
1728,pkt_len_max_mean_5228,0.0
1730,pkt_len_max_mean_80,0.0
1731,pkt_len_max_median_443,0.0
1732,pkt_len_max_median_5228,0.0
1734,pkt_len_max_median_80,0.0
2065,subflow_fwd_pkts_count_853,0.0
1735,pkt_len_max_min_443,0.0
1736,pkt_len_max_min_5228,0.0
1737,pkt_len_max_min_53,0.0
1738,pkt_len_max_min_80,0.0
2047,subflow_fwd_byts_std_80,0.0
2150,tot_fwd_pkts_count_5228,0.0
2232,totlen_fwd_pkts_count_5228,0.0
1799,pkt_len_min_count_5228,0.0
2023,subflow_fwd_byts_max_853,0.0
2211,totlen_bwd_pkts_min_443,0.0
2021,subflow_fwd_byts_max_53,0.0
1786,pkt_len_mean_std_80,0.0
1787,pkt_len_mean_sum_123,0.0
1791,pkt_len_mean_sum_80,0.0
2210,totlen_bwd_pkts_min_123,0.0
1792,pkt_len_mean_sum_853,0.0
2018,subflow_fwd_byts_count_853,0.0
2209,totlen_bwd_pkts_median_80,0.0
1797,pkt_len_min_count_123,0.0
2017,subflow_fwd_byts_count_80,0.0
1798,pkt_len_min_count_443,0.0
1800,pkt_len_min_count_53,0.0
2044,subflow_fwd_byts_std_443,0.0
1801,pkt_len_min_count_80,0.0
1802,pkt_len_min_count_853,0.0
1803,pkt_len_min_max_443,0.0
2016,subflow_fwd_byts_count_53,0.0
2015,subflow_fwd_byts_count_5228,0.0
1804,pkt_len_min_max_53,0.0
2014,subflow_fwd_byts_count_443,0.0
1805,pkt_len_min_max_80,0.0
2013,subflow_fwd_byts_count_123,0.0
1808,pkt_len_min_mean_80,0.0
1809,pkt_len_min_median_53,0.0
1810,pkt_len_min_median_80,0.0
1811,pkt_len_min_min_53,0.0
2212,totlen_bwd_pkts_min_5228,0.0
2213,totlen_bwd_pkts_min_80,0.0
2214,totlen_bwd_pkts_skew_123,0.0
2027,subflow_fwd_byts_mean_80,0.0
2231,totlen_fwd_pkts_count_443,0.0
2151,tot_fwd_pkts_count_53,0.0
2043,subflow_fwd_byts_skew_853,0.0
2152,tot_fwd_pkts_count_80,0.0
2230,totlen_fwd_pkts_count_123,0.0
2038,subflow_fwd_byts_min_853,0.0
2037,subflow_fwd_byts_min_80,0.0
2036,subflow_fwd_byts_min_53,0.0
2227,totlen_bwd_pkts_var_443,0.0
1770,pkt_len_mean_mean_80,0.0
2226,totlen_bwd_pkts_var_123,0.0
1773,pkt_len_mean_median_53,0.0
1774,pkt_len_mean_median_80,0.0
1935,rst_flag_cnt_count_5228,0.0
1776,pkt_len_mean_min_5228,0.0
2035,subflow_fwd_byts_min_5228,0.0
2034,subflow_fwd_byts_min_443,0.0
1777,pkt_len_mean_min_53,0.0
2222,totlen_bwd_pkts_sum_123,0.0
2221,totlen_bwd_pkts_std_80,0.0
2033,subflow_fwd_byts_median_853,0.0
1778,pkt_len_mean_min_80,0.0
2153,tot_fwd_pkts_count_853,0.0
2218,totlen_bwd_pkts_std_123,0.0
2217,totlen_bwd_pkts_skew_80,0.0
2031,subflow_fwd_byts_median_53,0.0
2028,subflow_fwd_byts_mean_853,0.0
1857,pkt_len_var_count_123,0.0
0,ack_flag_cnt_count_123,0.0
1567,idle_mean_max_5228,0.0
450,bwd_pkts_b_avg_count_5228,0.0
478,bwd_pkts_s_count_5228,0.0
477,bwd_pkts_s_count_443,0.0
476,bwd_pkts_s_count_123,0.0
475,bwd_pkts_b_avg_var_80,0.0
474,bwd_pkts_b_avg_var_5228,0.0
471,bwd_pkts_b_avg_sum_5228,0.0
469,bwd_pkts_b_avg_std_80,0.0
468,bwd_pkts_b_avg_std_5228,0.0
466,bwd_pkts_b_avg_skew_80,0.0
465,bwd_pkts_b_avg_skew_5228,0.0
463,bwd_pkts_b_avg_min_5228,0.0
462,bwd_pkts_b_avg_median_80,0.0
461,bwd_pkts_b_avg_median_5228,0.0
460,bwd_pkts_b_avg_median_443,0.0
458,bwd_pkts_b_avg_mean_5228,0.0
456,bwd_pkts_b_avg_max_80,0.0
455,bwd_pkts_b_avg_max_5228,0.0
453,bwd_pkts_b_avg_count_853,0.0
452,bwd_pkts_b_avg_count_80,0.0
479,bwd_pkts_s_count_53,0.0
480,bwd_pkts_s_count_80,0.0
481,bwd_pkts_s_count_853,0.0
520,bwd_seg_size_avg_count_123,0.0
533,bwd_seg_size_avg_median_123,0.0
532,bwd_seg_size_avg_mean_80,0.0
529,bwd_seg_size_avg_mean_123,0.0
525,bwd_seg_size_avg_count_853,0.0
524,bwd_seg_size_avg_count_80,0.0
523,bwd_seg_size_avg_count_53,0.0
522,bwd_seg_size_avg_count_5228,0.0
521,bwd_seg_size_avg_count_443,0.0
519,bwd_psh_flags_count_853,0.0
497,bwd_pkts_s_min_80,0.0
518,bwd_psh_flags_count_80,0.0
517,bwd_psh_flags_count_53,0.0
516,bwd_psh_flags_count_5228,0.0
515,bwd_psh_flags_count_443,0.0
514,bwd_psh_flags_count_123,0.0
510,bwd_pkts_s_var_123,0.0
502,bwd_pkts_s_std_123,0.0
498,bwd_pkts_s_skew_123,0.0
451,bwd_pkts_b_avg_count_53,0.0
449,bwd_pkts_b_avg_count_443,0.0
370,bwd_pkt_len_mean_min_123,0.0
448,bwd_pkts_b_avg_count_123,0.0
402,bwd_pkt_len_min_median_80,0.0
401,bwd_pkt_len_min_median_123,0.0
400,bwd_pkt_len_min_mean_80,0.0
398,bwd_pkt_len_min_mean_123,0.0
397,bwd_pkt_len_min_max_80,0.0
396,bwd_pkt_len_min_max_443,0.0
395,bwd_pkt_len_min_count_853,0.0
394,bwd_pkt_len_min_count_80,0.0
392,bwd_pkt_len_min_count_5228,0.0
390,bwd_pkt_len_min_count_123,0.0
386,bwd_pkt_len_mean_var_123,0.0
385,bwd_pkt_len_mean_sum_80,0.0
383,bwd_pkt_len_mean_sum_443,0.0
382,bwd_pkt_len_mean_sum_123,0.0
381,bwd_pkt_len_mean_std_80,0.0
378,bwd_pkt_len_mean_std_123,0.0
374,bwd_pkt_len_mean_skew_123,0.0
373,bwd_pkt_len_mean_min_80,0.0
372,bwd_pkt_len_mean_min_5228,0.0
403,bwd_pkt_len_min_min_123,0.0
404,bwd_pkt_len_min_min_443,0.0
405,bwd_pkt_len_min_min_80,0.0
419,bwd_pkt_len_std_count_123,0.0
447,bwd_pkt_len_std_var_80,0.0
435,bwd_pkt_len_std_min_80,0.0
433,bwd_pkt_len_std_median_80,0.0
424,bwd_pkt_len_std_count_853,0.0
423,bwd_pkt_len_std_count_80,0.0
422,bwd_pkt_len_std_count_53,0.0
421,bwd_pkt_len_std_count_5228,0.0
420,bwd_pkt_len_std_count_443,0.0
418,bwd_pkt_len_min_var_80,0.0
406,bwd_pkt_len_min_skew_123,0.0
416,bwd_pkt_len_min_var_123,0.0
415,bwd_pkt_len_min_sum_80,0.0
414,bwd_pkt_len_min_sum_5228,0.0
413,bwd_pkt_len_min_sum_443,0.0
412,bwd_pkt_len_min_sum_123,0.0
411,bwd_pkt_len_min_std_80,0.0
409,bwd_pkt_len_min_std_123,0.0
408,bwd_pkt_len_min_skew_80,0.0
537,bwd_seg_size_avg_min_123,0.0
538,bwd_seg_size_avg_min_443,0.0
539,bwd_seg_size_avg_min_5228,0.0
540,bwd_seg_size_avg_min_80,0.0
655,flow_byts_s_skew_53,0.0
652,flow_byts_s_skew_123,0.0
647,flow_byts_s_min_123,0.0
642,flow_byts_s_median_123,0.0
639,flow_byts_s_mean_53,0.0
633,flow_byts_s_max_53,0.0
629,flow_byts_s_count_853,0.0
628,flow_byts_s_count_80,0.0
627,flow_byts_s_count_53,0.0
626,flow_byts_s_count_5228,0.0
625,flow_byts_s_count_443,0.0
624,flow_byts_s_count_123,0.0
623,fin_flag_cnt_sum_853,0.0
622,fin_flag_cnt_sum_80,0.0
621,fin_flag_cnt_sum_53,0.0
620,fin_flag_cnt_sum_5228,0.0
618,fin_flag_cnt_sum_123,0.0
617,fin_flag_cnt_count_853,0.0
616,fin_flag_cnt_count_80,0.0
657,flow_byts_s_skew_853,0.0
658,flow_byts_s_std_123,0.0
661,flow_byts_s_std_53,0.0
682,flow_duration_max_123,0.0
722,flow_duration_var_123,0.0
719,flow_duration_sum_53,0.0
714,flow_duration_std_80,0.0
710,flow_duration_std_123,0.0
708,flow_duration_skew_80,0.0
707,flow_duration_skew_53,0.0
704,flow_duration_skew_123,0.0
685,flow_duration_max_53,0.0
681,flow_duration_count_853,0.0
667,flow_byts_s_sum_53,0.0
680,flow_duration_count_80,0.0
679,flow_duration_count_53,0.0
678,flow_duration_count_5228,0.0
677,flow_duration_count_443,0.0
676,flow_duration_count_123,0.0
675,flow_byts_s_var_853,0.0
673,flow_byts_s_var_53,0.0
670,flow_byts_s_var_123,0.0
615,fin_flag_cnt_count_53,0.0
613,fin_flag_cnt_count_443,0.0
612,fin_flag_cnt_count_123,0.0
560,bwd_urg_flags_count_53,0.0
568,cwe_flag_count_count_853,0.0
567,cwe_flag_count_count_80,0.0
566,cwe_flag_count_count_53,0.0
565,cwe_flag_count_count_5228,0.0
564,cwe_flag_count_count_443,0.0
563,cwe_flag_count_count_123,0.0
562,bwd_urg_flags_count_853,0.0
561,bwd_urg_flags_count_80,0.0
559,bwd_urg_flags_count_5228,0.0
570,down_up_ratio_count_443,0.0
558,bwd_urg_flags_count_443,0.0
557,bwd_urg_flags_count_123,0.0
556,bwd_seg_size_avg_var_80,0.0
553,bwd_seg_size_avg_var_123,0.0
552,bwd_seg_size_avg_sum_80,0.0
549,bwd_seg_size_avg_sum_123,0.0
545,bwd_seg_size_avg_std_123,0.0
541,bwd_seg_size_avg_skew_123,0.0
569,down_up_ratio_count_123,0.0
571,down_up_ratio_count_5228,0.0
610,ece_flag_cnt_count_80,0.0
590,down_up_ratio_skew_123,0.0
609,ece_flag_cnt_count_53,0.0
608,ece_flag_cnt_count_5228,0.0
607,ece_flag_cnt_count_443,0.0
606,ece_flag_cnt_count_123,0.0
602,down_up_ratio_var_123,0.0
598,down_up_ratio_sum_123,0.0
594,down_up_ratio_std_123,0.0
593,down_up_ratio_skew_80,0.0
589,down_up_ratio_min_80,0.0
572,down_up_ratio_count_53,0.0
587,down_up_ratio_min_443,0.0
586,down_up_ratio_min_123,0.0
585,down_up_ratio_median_80,0.0
582,down_up_ratio_median_123,0.0
578,down_up_ratio_mean_123,0.0
577,down_up_ratio_max_80,0.0
574,down_up_ratio_count_853,0.0
573,down_up_ratio_count_80,0.0
371,bwd_pkt_len_mean_min_443,0.0
369,bwd_pkt_len_mean_median_80,0.0
1565,idle_mean_count_853,0.0
63,active_std_count_53,0.0
102,bwd_blk_rate_avg_sum_80,0.0
99,bwd_blk_rate_avg_std_80,0.0
96,bwd_blk_rate_avg_skew_80,0.0
93,bwd_blk_rate_avg_min_5228,0.0
92,bwd_blk_rate_avg_median_80,0.0
86,bwd_blk_rate_avg_max_80,0.0
83,bwd_blk_rate_avg_count_853,0.0
82,bwd_blk_rate_avg_count_80,0.0
81,bwd_blk_rate_avg_count_53,0.0
80,bwd_blk_rate_avg_count_5228,0.0
79,bwd_blk_rate_avg_count_443,0.0
78,bwd_blk_rate_avg_count_123,0.0
77,active_std_var_80,0.0
75,active_std_sum_80,0.0
73,active_std_std_80,0.0
71,active_std_skew_80,0.0
69,active_std_mean_80,0.0
67,active_std_max_80,0.0
65,active_std_count_853,0.0
105,bwd_blk_rate_avg_var_80,0.0
106,bwd_byts_b_avg_count_123,0.0
107,bwd_byts_b_avg_count_443,0.0
133,bwd_byts_b_avg_var_80,0.0
143,bwd_header_len_mean_123,0.0
141,bwd_header_len_max_5228,0.0
139,bwd_header_len_count_853,0.0
138,bwd_header_len_count_80,0.0
137,bwd_header_len_count_53,0.0
136,bwd_header_len_count_5228,0.0
135,bwd_header_len_count_443,0.0
134,bwd_header_len_count_123,0.0
127,bwd_byts_b_avg_std_80,0.0
108,bwd_byts_b_avg_count_5228,0.0
124,bwd_byts_b_avg_skew_80,0.0
123,bwd_byts_b_avg_skew_5228,0.0
121,bwd_byts_b_avg_min_5228,0.0
120,bwd_byts_b_avg_median_80,0.0
114,bwd_byts_b_avg_max_80,0.0
111,bwd_byts_b_avg_count_853,0.0
110,bwd_byts_b_avg_count_80,0.0
109,bwd_byts_b_avg_count_53,0.0
64,active_std_count_80,0.0
62,active_std_count_5228,0.0
366,bwd_pkt_len_mean_median_123,0.0
61,active_std_count_443,0.0
26,active_mean_count_5228,0.0
25,active_mean_count_443,0.0
24,active_mean_count_123,0.0
23,active_max_var_80,0.0
21,active_max_sum_80,0.0
19,active_max_std_80,0.0
17,active_max_skew_80,0.0
15,active_max_mean_80,0.0
13,active_max_max_80,0.0
11,active_max_count_853,0.0
10,active_max_count_80,0.0
9,active_max_count_53,0.0
8,active_max_count_5228,0.0
7,active_max_count_443,0.0
6,active_max_count_123,0.0
5,ack_flag_cnt_count_853,0.0
4,ack_flag_cnt_count_80,0.0
3,ack_flag_cnt_count_53,0.0
2,ack_flag_cnt_count_5228,0.0
27,active_mean_count_53,0.0
28,active_mean_count_80,0.0
29,active_mean_count_853,0.0
46,active_min_count_80,0.0
60,active_std_count_123,0.0
59,active_min_var_80,0.0
57,active_min_sum_80,0.0
55,active_min_std_80,0.0
53,active_min_skew_80,0.0
51,active_min_mean_80,0.0
49,active_min_max_80,0.0
47,active_min_count_853,0.0
45,active_min_count_53,0.0
31,active_mean_max_80,0.0
44,active_min_count_5228,0.0
43,active_min_count_443,0.0
42,active_min_count_123,0.0
41,active_mean_var_80,0.0
39,active_mean_sum_80,0.0
37,active_mean_std_80,0.0
35,active_mean_skew_80,0.0
33,active_mean_mean_80,0.0
145,bwd_header_len_mean_5228,0.0
147,bwd_header_len_median_123,0.0
149,bwd_header_len_median_5228,0.0
150,bwd_header_len_median_80,0.0
333,bwd_pkt_len_max_min_123,0.0
332,bwd_pkt_len_max_median_80,0.0
331,bwd_pkt_len_max_median_5228,0.0
330,bwd_pkt_len_max_median_443,0.0
329,bwd_pkt_len_max_median_123,0.0
328,bwd_pkt_len_max_mean_80,0.0
327,bwd_pkt_len_max_mean_5228,0.0
325,bwd_pkt_len_max_mean_123,0.0
324,bwd_pkt_len_max_max_80,0.0
323,bwd_pkt_len_max_max_5228,0.0
322,bwd_pkt_len_max_max_443,0.0
321,bwd_pkt_len_max_count_853,0.0
320,bwd_pkt_len_max_count_80,0.0
319,bwd_pkt_len_max_count_53,0.0
318,bwd_pkt_len_max_count_5228,0.0
317,bwd_pkt_len_max_count_443,0.0
316,bwd_pkt_len_max_count_123,0.0
306,bwd_iat_tot_skew_80,0.0
292,bwd_iat_tot_count_853,0.0
334,bwd_pkt_len_max_min_443,0.0
335,bwd_pkt_len_max_min_5228,0.0
336,bwd_pkt_len_max_min_80,0.0
353,bwd_pkt_len_mean_count_123,0.0
365,bwd_pkt_len_mean_mean_80,0.0
362,bwd_pkt_len_mean_mean_123,0.0
361,bwd_pkt_len_mean_max_80,0.0
358,bwd_pkt_len_mean_count_853,0.0
357,bwd_pkt_len_mean_count_80,0.0
356,bwd_pkt_len_mean_count_53,0.0
355,bwd_pkt_len_mean_count_5228,0.0
354,bwd_pkt_len_mean_count_443,0.0
352,bwd_pkt_len_max_var_80,0.0
337,bwd_pkt_len_max_skew_123,0.0
351,bwd_pkt_len_max_var_5228,0.0
349,bwd_pkt_len_max_var_123,0.0
348,bwd_pkt_len_max_sum_80,0.0
347,bwd_pkt_len_max_sum_5228,0.0
345,bwd_pkt_len_max_sum_123,0.0
343,bwd_pkt_len_max_std_5228,0.0
341,bwd_pkt_len_max_std_123,0.0
339,bwd_pkt_len_max_skew_5228,0.0
291,bwd_iat_tot_count_80,0.0
290,bwd_iat_tot_count_53,0.0
289,bwd_iat_tot_count_5228,0.0
166,bwd_header_len_sum_80,0.0
176,bwd_iat_max_count_853,0.0
175,bwd_iat_max_count_80,0.0
174,bwd_iat_max_count_53,0.0
173,bwd_iat_max_count_5228,0.0
172,bwd_iat_max_count_443,0.0
171,bwd_iat_max_count_123,0.0
170,bwd_header_len_var_80,0.0
167,bwd_header_len_var_123,0.0
165,bwd_header_len_sum_5228,0.0
200,bwd_iat_mean_count_123,0.0
163,bwd_header_len_sum_123,0.0
159,bwd_header_len_std_123,0.0
158,bwd_header_len_skew_80,0.0
155,bwd_header_len_skew_123,0.0
154,bwd_header_len_min_80,0.0
153,bwd_header_len_min_5228,0.0
152,bwd_header_len_min_443,0.0
151,bwd_header_len_min_123,0.0
190,bwd_iat_max_skew_80,0.0
201,bwd_iat_mean_count_443,0.0
288,bwd_iat_tot_count_443,0.0
234,bwd_iat_min_count_853,0.0
287,bwd_iat_tot_count_123,0.0
277,bwd_iat_std_skew_80,0.0
263,bwd_iat_std_count_853,0.0
262,bwd_iat_std_count_80,0.0
261,bwd_iat_std_count_53,0.0
260,bwd_iat_std_count_5228,0.0
259,bwd_iat_std_count_443,0.0
258,bwd_iat_std_count_123,0.0
233,bwd_iat_min_count_80,0.0
202,bwd_iat_mean_count_5228,0.0
232,bwd_iat_min_count_53,0.0
231,bwd_iat_min_count_5228,0.0
230,bwd_iat_min_count_443,0.0
229,bwd_iat_min_count_123,0.0
219,bwd_iat_mean_skew_80,0.0
205,bwd_iat_mean_count_853,0.0
204,bwd_iat_mean_count_80,0.0
203,bwd_iat_mean_count_53,0.0
725,flow_duration_var_53,0.0
728,flow_iat_max_count_123,0.0
729,flow_iat_max_count_443,0.0
1325,fwd_pkt_len_min_max_53,0.0
1355,fwd_pkt_len_std_count_53,0.0
1354,fwd_pkt_len_std_count_5228,0.0
1353,fwd_pkt_len_std_count_443,0.0
1352,fwd_pkt_len_std_count_123,0.0
1351,fwd_pkt_len_min_var_80,0.0
1349,fwd_pkt_len_min_var_5228,0.0
1347,fwd_pkt_len_min_sum_853,0.0
1346,fwd_pkt_len_min_sum_80,0.0
1344,fwd_pkt_len_min_sum_5228,0.0
1343,fwd_pkt_len_min_sum_443,0.0
1342,fwd_pkt_len_min_sum_123,0.0
1341,fwd_pkt_len_min_std_80,0.0
1339,fwd_pkt_len_min_std_5228,0.0
1337,fwd_pkt_len_min_skew_80,0.0
1335,fwd_pkt_len_min_skew_5228,0.0
1333,fwd_pkt_len_min_min_53,0.0
1332,fwd_pkt_len_min_median_80,0.0
1330,fwd_pkt_len_min_mean_80,0.0
1328,fwd_pkt_len_min_mean_5228,0.0
1356,fwd_pkt_len_std_count_80,0.0
1357,fwd_pkt_len_std_count_853,0.0
1360,fwd_pkt_len_std_max_80,0.0
1387,fwd_pkts_b_avg_count_853,0.0
1400,fwd_pkts_b_avg_var_80,0.0
1398,fwd_pkts_b_avg_sum_80,0.0
1396,fwd_pkts_b_avg_std_80,0.0
1394,fwd_pkts_b_avg_skew_80,0.0
1392,fwd_pkts_b_avg_median_80,0.0
1391,fwd_pkts_b_avg_mean_80,0.0
1389,fwd_pkts_b_avg_max_80,0.0
1388,fwd_pkts_b_avg_max_443,0.0
1386,fwd_pkts_b_avg_count_80,0.0
1363,fwd_pkt_len_std_mean_80,0.0
1385,fwd_pkts_b_avg_count_53,0.0
1384,fwd_pkts_b_avg_count_5228,0.0
1382,fwd_pkts_b_avg_count_123,0.0
1378,fwd_pkt_len_std_sum_80,0.0
1375,fwd_pkt_len_std_std_80,0.0
1369,fwd_pkt_len_std_min_80,0.0
1368,fwd_pkt_len_std_min_5228,0.0
1365,fwd_pkt_len_std_median_5228,0.0
1326,fwd_pkt_len_min_max_80,0.0
1324,fwd_pkt_len_min_max_5228,0.0
730,flow_iat_max_count_5228,0.0
1323,fwd_pkt_len_min_max_443,0.0
1277,fwd_pkt_len_mean_count_123,0.0
1276,fwd_pkt_len_max_var_80,0.0
1272,fwd_pkt_len_max_sum_853,0.0
1271,fwd_pkt_len_max_sum_80,0.0
1269,fwd_pkt_len_max_sum_5228,0.0
1268,fwd_pkt_len_max_sum_443,0.0
1267,fwd_pkt_len_max_sum_123,0.0
1264,fwd_pkt_len_max_std_5228,0.0
1262,fwd_pkt_len_max_skew_80,0.0
1258,fwd_pkt_len_max_min_80,0.0
1257,fwd_pkt_len_max_min_53,0.0
1256,fwd_pkt_len_max_min_5228,0.0
1255,fwd_pkt_len_max_min_443,0.0
1254,fwd_pkt_len_max_median_80,0.0
1252,fwd_pkt_len_max_median_5228,0.0
1248,fwd_pkt_len_max_mean_5228,0.0
1245,fwd_pkt_len_max_max_53,0.0
1244,fwd_pkt_len_max_max_5228,0.0
1243,fwd_pkt_len_max_max_443,0.0
1278,fwd_pkt_len_mean_count_443,0.0
1279,fwd_pkt_len_mean_count_5228,0.0
1280,fwd_pkt_len_mean_count_53,0.0
1307,fwd_pkt_len_mean_sum_123,0.0
1322,fwd_pkt_len_min_count_853,0.0
1321,fwd_pkt_len_min_count_80,0.0
1320,fwd_pkt_len_min_count_53,0.0
1319,fwd_pkt_len_min_count_5228,0.0
1318,fwd_pkt_len_min_count_443,0.0
1317,fwd_pkt_len_min_count_123,0.0
1312,fwd_pkt_len_mean_sum_853,0.0
1311,fwd_pkt_len_mean_sum_80,0.0
1305,fwd_pkt_len_mean_std_53,0.0
1281,fwd_pkt_len_mean_count_80,0.0
1297,fwd_pkt_len_mean_min_53,0.0
1295,fwd_pkt_len_mean_min_443,0.0
1294,fwd_pkt_len_mean_median_80,0.0
1293,fwd_pkt_len_mean_median_53,0.0
1290,fwd_pkt_len_mean_mean_80,0.0
1286,fwd_pkt_len_mean_max_80,0.0
1285,fwd_pkt_len_mean_max_53,0.0
1282,fwd_pkt_len_mean_count_853,0.0
1401,fwd_pkts_s_count_123,0.0
1402,fwd_pkts_s_count_443,0.0
1403,fwd_pkts_s_count_5228,0.0
1404,fwd_pkts_s_count_53,0.0
1524,fwd_urg_flags_count_80,0.0
1523,fwd_urg_flags_count_53,0.0
1522,fwd_urg_flags_count_5228,0.0
1521,fwd_urg_flags_count_443,0.0
1520,fwd_urg_flags_count_123,0.0
1519,fwd_seg_size_min_var_80,0.0
1517,fwd_seg_size_min_sum_853,0.0
1516,fwd_seg_size_min_sum_80,0.0
1515,fwd_seg_size_min_sum_53,0.0
1514,fwd_seg_size_min_sum_5228,0.0
1512,fwd_seg_size_min_sum_123,0.0
1511,fwd_seg_size_min_std_80,0.0
1510,fwd_seg_size_min_std_443,0.0
1509,fwd_seg_size_min_skew_80,0.0
1507,fwd_seg_size_min_min_80,0.0
1506,fwd_seg_size_min_mean_80,0.0
1505,fwd_seg_size_min_mean_443,0.0
1504,fwd_seg_size_min_count_853,0.0
1503,fwd_seg_size_min_count_80,0.0
1525,fwd_urg_flags_count_853,0.0
1526,idle_max_count_123,0.0
1527,idle_max_count_443,0.0
1550,idle_max_std_80,0.0
1564,idle_mean_count_80,0.0
1563,idle_mean_count_53,0.0
1562,idle_mean_count_5228,0.0
1561,idle_mean_count_443,0.0
1560,idle_mean_count_123,0.0
1558,idle_max_var_80,0.0
1557,idle_max_var_5228,0.0
1553,idle_max_sum_5228,0.0
1549,idle_max_std_5228,0.0
1528,idle_max_count_5228,0.0
1546,idle_max_skew_80,0.0
1545,idle_max_skew_5228,0.0
1540,idle_max_median_5228,0.0
1537,idle_max_mean_5228,0.0
1533,idle_max_max_5228,0.0
1531,idle_max_count_853,0.0
1530,idle_max_count_80,0.0
1529,idle_max_count_53,0.0
1502,fwd_seg_size_min_count_53,0.0
1501,fwd_seg_size_min_count_5228,0.0
1500,fwd_seg_size_min_count_443,0.0
1438,fwd_pkts_s_std_53,0.0
1455,fwd_psh_flags_count_5228,0.0
1454,fwd_psh_flags_count_443,0.0
1453,fwd_psh_flags_count_123,0.0
1452,fwd_pkts_s_var_853,0.0
1450,fwd_pkts_s_var_53,0.0
1447,fwd_pkts_s_var_123,0.0
1446,fwd_pkts_s_sum_853,0.0
1444,fwd_pkts_s_sum_53,0.0
1435,fwd_pkts_s_std_123,0.0
1457,fwd_psh_flags_count_80,0.0
1432,fwd_pkts_s_skew_53,0.0
1429,fwd_pkts_s_skew_123,0.0
1428,fwd_pkts_s_min_853,0.0
1418,fwd_pkts_s_mean_853,0.0
1416,fwd_pkts_s_mean_53,0.0
1410,fwd_pkts_s_max_53,0.0
1407,fwd_pkts_s_max_123,0.0
1405,fwd_pkts_s_count_80,0.0
1456,fwd_psh_flags_count_53,0.0
1458,fwd_psh_flags_count_853,0.0
1499,fwd_seg_size_min_count_123,0.0
1478,fwd_seg_size_avg_min_5228,0.0
1494,fwd_seg_size_avg_sum_853,0.0
1493,fwd_seg_size_avg_sum_80,0.0
1492,fwd_seg_size_avg_sum_53,0.0
1489,fwd_seg_size_avg_sum_123,0.0
1488,fwd_seg_size_avg_std_80,0.0
1487,fwd_seg_size_avg_std_53,0.0
1484,fwd_seg_size_avg_skew_80,0.0
1479,fwd_seg_size_avg_min_53,0.0
1477,fwd_seg_size_avg_min_443,0.0
1459,fwd_seg_size_avg_count_123,0.0
1475,fwd_seg_size_avg_median_53,0.0
1468,fwd_seg_size_avg_max_80,0.0
1467,fwd_seg_size_avg_max_53,0.0
1464,fwd_seg_size_avg_count_853,0.0
1463,fwd_seg_size_avg_count_80,0.0
1462,fwd_seg_size_avg_count_53,0.0
1461,fwd_seg_size_avg_count_5228,0.0
1460,fwd_seg_size_avg_count_443,0.0
1242,fwd_pkt_len_max_count_853,0.0
1241,fwd_pkt_len_max_count_80,0.0
1240,fwd_pkt_len_max_count_53,0.0
973,fwd_blk_rate_avg_count_80,0.0
937,fwd_act_data_pkts_count_853,0.0
936,fwd_act_data_pkts_count_80,0.0
935,fwd_act_data_pkts_count_53,0.0
934,fwd_act_data_pkts_count_5228,0.0
933,fwd_act_data_pkts_count_443,0.0
932,fwd_act_data_pkts_count_123,0.0
931,flow_pkts_s_var_853,0.0
929,flow_pkts_s_var_53,0.0
926,flow_pkts_s_var_123,0.0
925,flow_pkts_s_sum_853,0.0
923,flow_pkts_s_sum_53,0.0
917,flow_pkts_s_std_53,0.0
914,flow_pkts_s_std_123,0.0
913,flow_pkts_s_skew_853,0.0
912,flow_pkts_s_skew_80,0.0
908,flow_pkts_s_skew_123,0.0
906,flow_pkts_s_min_80,0.0
903,flow_pkts_s_min_123,0.0
897,flow_pkts_s_mean_853,0.0
939,fwd_act_data_pkts_max_5228,0.0
940,fwd_act_data_pkts_max_53,0.0
941,fwd_act_data_pkts_max_80,0.0
958,fwd_act_data_pkts_std_53,0.0
971,fwd_blk_rate_avg_count_5228,0.0
970,fwd_blk_rate_avg_count_443,0.0
969,fwd_blk_rate_avg_count_123,0.0
967,fwd_act_data_pkts_var_53,0.0
966,fwd_act_data_pkts_var_5228,0.0
963,fwd_act_data_pkts_sum_53,0.0
962,fwd_act_data_pkts_sum_5228,0.0
960,fwd_act_data_pkts_sum_123,0.0
957,fwd_act_data_pkts_std_5228,0.0
943,fwd_act_data_pkts_mean_5228,0.0
955,fwd_act_data_pkts_skew_80,0.0
953,fwd_act_data_pkts_skew_5228,0.0
951,fwd_act_data_pkts_min_80,0.0
950,fwd_act_data_pkts_min_5228,0.0
949,fwd_act_data_pkts_min_443,0.0
947,fwd_act_data_pkts_median_5228,0.0
946,fwd_act_data_pkts_median_443,0.0
944,fwd_act_data_pkts_mean_53,0.0
895,flow_pkts_s_mean_53,0.0
889,flow_pkts_s_max_53,0.0
885,flow_pkts_s_count_853,0.0
767,flow_iat_mean_count_443,0.0
803,flow_iat_mean_var_853,0.0
799,flow_iat_mean_sum_853,0.0
795,flow_iat_mean_std_853,0.0
775,flow_iat_mean_max_853,0.0
771,flow_iat_mean_count_853,0.0
770,flow_iat_mean_count_80,0.0
769,flow_iat_mean_count_53,0.0
768,flow_iat_mean_count_5228,0.0
766,flow_iat_mean_count_123,0.0
805,flow_iat_min_count_443,0.0
764,flow_iat_max_var_80,0.0
758,flow_iat_max_sum_443,0.0
756,flow_iat_max_std_80,0.0
752,flow_iat_max_skew_80,0.0
737,flow_iat_max_max_853,0.0
733,flow_iat_max_count_853,0.0
732,flow_iat_max_count_80,0.0
731,flow_iat_max_count_53,0.0
804,flow_iat_min_count_123,0.0
806,flow_iat_min_count_5228,0.0
884,flow_pkts_s_count_80,0.0
854,flow_iat_std_mean_80,0.0
883,flow_pkts_s_count_53,0.0
882,flow_pkts_s_count_5228,0.0
881,flow_pkts_s_count_443,0.0
880,flow_pkts_s_count_123,0.0
879,flow_iat_std_var_853,0.0
870,flow_iat_std_std_80,0.0
866,flow_iat_std_skew_80,0.0
859,flow_iat_std_median_853,0.0
847,flow_iat_std_count_853,0.0
807,flow_iat_min_count_53,0.0
846,flow_iat_std_count_80,0.0
845,flow_iat_std_count_53,0.0
844,flow_iat_std_count_5228,0.0
843,flow_iat_std_count_443,0.0
842,flow_iat_std_count_123,0.0
822,flow_iat_min_min_443,0.0
809,flow_iat_min_count_853,0.0
808,flow_iat_min_count_80,0.0
972,fwd_blk_rate_avg_count_53,0.0
974,fwd_blk_rate_avg_count_853,0.0
1239,fwd_pkt_len_max_count_5228,0.0
976,fwd_blk_rate_avg_max_80,0.0
1129,fwd_iat_min_count_53,0.0
1128,fwd_iat_min_count_5228,0.0
1127,fwd_iat_min_count_443,0.0
1126,fwd_iat_min_count_123,0.0
1125,fwd_iat_mean_var_853,0.0
1112,fwd_iat_mean_skew_80,0.0
1098,fwd_iat_mean_max_853,0.0
1094,fwd_iat_mean_count_853,0.0
1093,fwd_iat_mean_count_80,0.0
1092,fwd_iat_mean_count_53,0.0
1091,fwd_iat_mean_count_5228,0.0
1090,fwd_iat_mean_count_443,0.0
1089,fwd_iat_mean_count_123,0.0
1057,fwd_iat_max_count_853,0.0
1056,fwd_iat_max_count_80,0.0
1055,fwd_iat_max_count_53,0.0
1054,fwd_iat_max_count_5228,0.0
1053,fwd_iat_max_count_443,0.0
1052,fwd_iat_max_count_123,0.0
1130,fwd_iat_min_count_80,0.0
1131,fwd_iat_min_count_853,0.0
1,ack_flag_cnt_count_443,0.0
1201,fwd_iat_tot_count_443,0.0
1238,fwd_pkt_len_max_count_443,0.0
1237,fwd_pkt_len_max_count_123,0.0
1217,fwd_iat_tot_median_853,0.0
1209,fwd_iat_tot_max_853,0.0
1205,fwd_iat_tot_count_853,0.0
1204,fwd_iat_tot_count_80,0.0
1203,fwd_iat_tot_count_53,0.0
1202,fwd_iat_tot_count_5228,0.0
1200,fwd_iat_tot_count_123,0.0
1163,fwd_iat_std_count_123,0.0
1192,fwd_iat_std_sum_443,0.0
1191,fwd_iat_std_std_853,0.0
1186,fwd_iat_std_skew_80,0.0
1168,fwd_iat_std_count_853,0.0
1167,fwd_iat_std_count_80,0.0
1166,fwd_iat_std_count_53,0.0
1165,fwd_iat_std_count_5228,0.0
1164,fwd_iat_std_count_443,0.0
1051,fwd_header_len_var_853,0.0
1049,fwd_header_len_var_53,0.0
1046,fwd_header_len_sum_853,0.0
991,fwd_byts_b_avg_count_53,0.0
1004,fwd_byts_b_avg_sum_80,0.0
1002,fwd_byts_b_avg_std_80,0.0
1000,fwd_byts_b_avg_skew_80,0.0
998,fwd_byts_b_avg_median_80,0.0
997,fwd_byts_b_avg_mean_80,0.0
995,fwd_byts_b_avg_max_80,0.0
993,fwd_byts_b_avg_count_853,0.0
992,fwd_byts_b_avg_count_80,0.0
990,fwd_byts_b_avg_count_5228,0.0
1007,fwd_header_len_count_123,0.0
989,fwd_byts_b_avg_count_443,0.0
988,fwd_byts_b_avg_count_123,0.0
987,fwd_blk_rate_avg_var_80,0.0
985,fwd_blk_rate_avg_sum_80,0.0
983,fwd_blk_rate_avg_std_80,0.0
981,fwd_blk_rate_avg_skew_80,0.0
979,fwd_blk_rate_avg_median_80,0.0
978,fwd_blk_rate_avg_mean_80,0.0
1006,fwd_byts_b_avg_var_80,0.0
1008,fwd_header_len_count_443,0.0
1045,fwd_header_len_sum_80,0.0
1026,fwd_header_len_median_853,0.0
1041,fwd_header_len_sum_123,0.0
1040,fwd_header_len_std_853,0.0
1038,fwd_header_len_std_53,0.0
1035,fwd_header_len_skew_853,0.0
1033,fwd_header_len_skew_53,0.0
1030,fwd_header_len_min_853,0.0
1029,fwd_header_len_min_80,0.0
1027,fwd_header_len_min_443,0.0
1022,fwd_header_len_mean_853,0.0
1009,fwd_header_len_count_5228,0.0
1020,fwd_header_len_mean_53,0.0
1017,fwd_header_len_max_853,0.0
1016,fwd_header_len_max_80,0.0
1015,fwd_header_len_max_53,0.0
1014,fwd_header_len_max_5228,0.0
1012,fwd_header_len_count_853,0.0
1011,fwd_header_len_count_80,0.0
1010,fwd_header_len_count_53,0.0
2282,urg_flag_cnt_count_853,0.0
