hash,family,y,mas,similarity,flow
8CC81D112F42DADE5FC0CF48EBAC5BDF85C4B6C06D4E1CDFD20885C539F21C7C,gappusin,1,False,0.9978813559322034,1
424C1652FD4543CBB7F8DDD2532CBADB7653515B6BA714AC03FEBE4794016C26,NoFamily,0,False,0.9954022988505749,0
1CDFEBD46799C53B64BD18E6997F36ED0FB3D34C93DD6761FEE56F7713C48185,gappusin,1,False,0.998989388580091,1
1178F62B457018EF924FC6699FE6BFC4D27C4BDC8B99C0F9DFD5716FEF4B8D9A,gappusin,1,True,0.8225629791894852,1
0BE3D12240A2BD4F5FE7B646F2984FCAB5BC02CC75F033F0EE1BF09BCD65730E,gappusin,1,False,0.9548387096774194,1
EBB2BC7F911F936591444DBF22947BB531CF6FDA75F74A27FB335862AAC0661F,NoFamily,0,False,0.9826030927835052,0
93382025B2A1B2378C6185263D1D30F43279A7ED3530B5D1A5A074A7BF169915,NoFamily,0,True,0.9894291754756872,0
08376206B073BF4D531D6E3F8687A75A3643997EEFFD4045629F61066EF1EB04,gappusin,1,True,1.0,0
085F908A08176E1A86170A5184DC32E0CB927462866DE2291AA586B956FD9723,NoFamily,0,False,0.9642857142857144,0
501833AB81FE59D71EF90AED34EF0C2E927FBF676A25D04697539FB10050EB0B,gappusin,1,False,0.8812527185732927,1
62B37CBE7EC72241FAC30411D8F6764AFBDB07CD33F29BDBB4922542AED162E2,gappusin,1,False,0.9863013698630136,1
A8B5663B20821163774A72940F6FF6934631E07076157FB6A91FB788CE694617,NoFamily,0,False,0.9992690058479532,0
8C3464AB74F043AC07B6AF597650BD986E4BA480ADF47539F43B944C06007AED,gappusin,1,False,0.9940968122786304,1
81E16780BCC4D6D31F782DFC53B9FB6262B6D263E20DB7F045485000BB388456,gappusin,1,False,0.9972375690607734,1
4A8B340685492B0297474ED4ECF562E1A29BFC1B10C1A163B57292BE3360460F,gappusin,1,False,0.9993127147766324,1
3D93CCFD6AF36E8A81041F87039094914BAB1787CF4AAF46A490F8390E6289A2,gappusin,1,False,0.993191489361702,1
74F1D861682EA952F2EE61AA32A167ACD6F9B5ACBEEA90F23802FCF0707D7699,NoFamily,0,False,0.9979283198674124,0
14BA57E395F756A0AC595F5543A4F831BCFA78F8E6DE9361CD6F1C00582AA021,gappusin,1,False,0.9995975855130784,1
65AEDCA46740D96F59DF8356BA5571435D3638F58A3E102805822453E8A7383A,gappusin,1,False,0.9987639060568604,1
93237C059BA5E73DA2488961A0FE15982EC26E793EC6E6BE58C69E0D0A7B1210,NoFamily,0,True,0.5187376725838264,1
02F7316267BF58384960342F94CDE92AAD27E7AE6970B31AC2CB195C47C63912,NoFamily,0,False,0.4833948339483395,0
3A72E252F169C30BD9E0B5E936C177ABD77EC07657781A4545157DDED5DCE8E6,gappusin,1,False,0.9952999723527786,1
C7279C3EED2A5117AF72490DF2B65FD62BF1E86BEA48B3E113BC2DA35D649457,gappusin,1,False,0.9997315436241612,1
ADEF724D256D36EBD0D32C8E85726C161B26C0747C087B90902B05CA6FD8987A,gappusin,1,False,0.9983179142136248,1
F0DAAA26F2943E4D6196BBC248260B53626AA2982A87EFB3D4F458A86DD35A3C,gappusin,1,False,0.8947368421052632,0
16F2B6144B3B6BBD3ECE4C87867AAC8670271332185C07946025F10DB79D546B,NoFamily,0,False,0.9464055353582738,0
D634BB9C7C638010336BFF2C59C204C7553F53F47EB2E98D2F8FF30E0327CC98,NoFamily,0,False,0.9972499140598144,0
D7DC80D9249C6724972D9C355AA5AC102489CA399E502655836B6040456446E2,gappusin,1,False,0.9942067736185384,1
891684C7C55EF9611D915B733DC866905B6AD613EAE49143E8E12C5704100909,gappusin,1,False,0.8947368421052632,1
448B0BF80FA0D12045290A7EAC0C0103C1F173A50896231417C150938C2DBE42,NoFamily,0,False,0.9196428571428572,0
085C0B6C3DBE375F8CC7148AF32440DA3F48CCF0070CE905BA6B317090C26215,gappusin,1,False,0.9869668246445498,1
A828602A1709CDBDB8E36F82C933DA0CBFFE46A795A91CD173ADB187637187BE,gappusin,1,False,0.9950980392156864,1
14E013ABB581155879AA6D7EE51C7E14AAC9850074074349B1A3B9E506D8C8E8,gappusin,1,False,0.9996726677577742,1
FEC6854EFBAAF15402FD1444E1B6BAF305E35038A80D4D431E9C2BB205A2C457,gappusin,1,False,0.8947368421052632,1
CF314A953CBBF16A13EDA7AE3C756A68C757CB6AD8E69E0C05F95787464B38CD,NoFamily,0,True,0.9738032122251676,0
732EF03C67B24FB8C60D6A1EAFB229453C02C6DB8A35BEF29A7C2CCEF0817114,gappusin,1,False,0.999475753604194,1
42C54DE987B5241E2512AAB6FEA1678E0773B8EF3F90AC7B23D4F0570C41B6BB,gappusin,1,False,0.0,1
1D09313FB119C96D94D073D2E304F035488C905F404B9895ED7B8B15D21C8426,NoFamily,0,False,0.9919786096256684,0
3F41FA4A1F43AC21BE7C558C656DF1164757291FD73674E5EF128E2CD0D4A4A1,NoFamily,0,True,0.9286140385762576,0
96F41DA942A549E4B7F8D0D3768178B4B966314EEB1A4B2C0AA075D8B6F05092,gappusin,1,False,0.999194198227236,1
AEB3283AA451DFFDF975DC221F576AD3037FDEC59BB5FAD0CE6EF4E1C3584E3F,NoFamily,0,False,0.9982232750962392,1
8D7BFCAC6317C925A20455436DC9F103E443F2D5EA120AC201691D9BDEB01BEA,gappusin,1,False,0.9982190560997328,1
18E330CC8BF7ABFD06303E22F67B85370E0BD2FAE2437D39654CCC2720C9213D,NoFamily,0,True,0.989723827874117,0
7C4F286117947FDCE1662E13BEA2F971A9F618197D7AEC88DB79256E01379158,NoFamily,0,False,0.4,0
AA219C203249D251B7311314CA7F17D164591055AC617E6211938D82193AD3D0,NoFamily,0,False,0.9978540772532188,0
86D57AF1311E777A704CAC498E18B8391DB55142CC7E1F281BA885309876ED72,gappusin,1,False,0.9992472713586752,1
182691A7C63513B14BEE5507791573227ABC949DB9CE32B3A18D751E514579A2,gappusin,1,False,0.9981566820276496,0
0894ACC28F45C97FB24600881E1682AE9B49030969F3FD99B72B13907F5DFB70,gappusin,1,False,0.9926470588235294,1
BBEB929A044BE2FA8422B4A69A8FC02A251BE320AC139051EA9CDE6876564987,gappusin,1,True,0.9997314354773734,1
857A078A0526DEF00650097BAFC3E8AAD51550561F1A914F886263A9EE96B897,NoFamily,0,False,0.889958734525447,0
176C036E82D2DCA59CC464E56CD8822B2BE0E21155FFDA4087401C2ABE7DDD7F,NoFamily,0,False,0.9978540772532188,0
19AFF3A494A510E5368FB00A8C03F6993D6379E34661DAEE557BA14698BA639D,gappusin,1,False,0.9976303317535544,1
18D0429F235E0B7ECC0EECCE060BE160E6AB7CFA69C5B6496669F7CE623CBAE2,gappusin,1,False,0.8947368421052632,1
ECD460CC0B17A97CEC3D4A28581FBD5B996709BA281F4300F58176D3CBEFD0C9,NoFamily,0,False,0.0,0
178D2EA032A04D5404297061ECA6D27A4E1A618F87DFFE781E1219AEF4D5E3E0,NoFamily,0,True,0.7883850437549722,0
BF65B880EF16588FA253D6905854F016E517C1C9F51197290C589E547B657098,gappusin,1,False,0.8812527185732927,0
B43C65FCFCC8C52286548AD11A0CD7C1CAB5C72A78B15D5EF266C82757A0C3D8,gappusin,1,False,0.9996726677577742,1
0020A55624DA001215C1D1FB41C65D4ADDD7188F2F5FC1B1F841567502FCC6A2,gappusin,1,False,0.99848828420257,1
58D35302C9815C3489A93094BCBC340408DA50B668CC91E8A007A0156CF6A29A,gappusin,1,False,0.9981203007518796,0
3A1A2BBD23843DF44777165B8162932B2FCB1C4D5C8F0C49136F9E1746EBD75E,gappusin,1,False,0.8947368421052632,1
EA16EC9FFFC742308AF3C641A9F4EF37F382ACC2CD62FDEB784A0FA121433825,NoFamily,0,False,0.9919786096256684,0
ACF8801FEEB5F4F05D494641591BED09E61000F6C9ABDBFF5EC2294E50F55F29,NoFamily,0,False,0.9893162393162394,1
0E37C5FB72CB4448B777FB12E90DFAD38CCDA2B50B028F6F73748CC9B28C1093,NoFamily,0,False,0.8008766437069506,0
325B2D23864FAC878AAC0A3A024865E0CA19B33EC17C3BD87EF78A1354F3E4C6,gappusin,1,False,0.9983179142136248,1
9615AB046C9B20F1C60BDEBD9CBE3093455FACADAFAB168918CABBD975361D68,gappusin,1,False,0.9931004743423888,1
3AC9334AA60EE2C877CAC80667586AC96DE26A0B999869CA7251DD7401D6FC50,gappusin,1,False,0.9992444276539478,1
97178BC9DD8C41C99384B6F234487BE1F39A856378A130C905B5B2CB6E90A280,NoFamily,0,False,0.9892241379310344,0
D94B667FE9BA04152423B282E944119A2E00CDF0E0ADF09696BE3B96E8A3AB0E,gappusin,1,False,0.9979633401221996,1
CADF2900BC9EB64BB4B9C7D041D78EDE35F173185D49897F1983DDDC75810FD4,gappusin,1,False,0.8812527185732927,0
09D6863323F82FC633FAD61834A393F128005173E92499F9896BD288E71AD75A,gappusin,1,False,0.9976303317535544,1
E78EE007A64CE26512202B4CB5BDDCF80624FE44187A4BD8C132E91AD03F42D3,NoFamily,0,True,0.986892177589852,0
9EA8DFA4B69E59F28C56F4385D07F1C99431D347B7D88B2B93D1134AE9929B78,NoFamily,0,True,0.8611958511287371,1
47E4B1A33AEC9748C63F1B7261E0131529BB0507EE0043A295536D581179458C,NoFamily,0,False,0.9239766081871345,0
69A525CC392F75522F46021D384EABB663CC5B6181514A563048F83B546EDD3C,revmob,1,False,0.99481658692185,1
84B8594B4CA30BF04EF0C957CCFB7C7E77F9ADC78DD194D94CA394BEE1CD1439,gappusin,1,False,0.8947368421052632,1
CAA07F180311DD7A67F6EABFF1F47F2012A2C10A0F47FED7DF55CE0000EC6628,gappusin,1,False,0.9452054794520548,1
C231F087913940CCF37A4F5318900C80F0A5E20B649167ED65206B0E67E183DC,NoFamily,0,False,0.9919786096256684,1
388BC6679DD440E14EAF6D2BAA0D0BB7C12DC1CB609893922F24C85A759F9C90,NoFamily,0,True,0.9885906040268456,0
DDAC16B35C71B7B510ED33F6450E507D29DE448CFFD80E5C7838A3A353C94C79,gappusin,1,False,0.9888888888888888,1
4BCA6DEBE6FFBC03DD1CB31445F459045BDF68074B343853125B39449FB513C9,gappusin,1,False,0.9981549815498156,1
3104A458F4D5DA18D5325A691CFBD8AC07561AD43D543EC88AF7C073DF4C1B3F,gappusin,1,False,0.9982978723404256,0
9335051BF5B7D43370386630933382F463CD428E0FA46070637036AF255D7A7A,gappusin,1,False,0.9972324723247232,1
A79FE7891D285D3D3CEE571BFC60EA3E71BCCE8327A4654EC00B37DFEF070CD5,NoFamily,0,False,0.9726918075422628,0
65C88FA4C074681983050644796D2A159E551ABBEFDFCE0EBCD10AFD5F577028,gappusin,1,False,0.9994462901439646,1
0AF48FA5424C453CA025DD1B51FB2B91BBD7A2E07A47D4F805C6DF40214F37DD,gappusin,1,False,0.9989588755856325,1
4A8B1EFCEFD0665265CDAB1C5CFEED74D063A5C204917EFC17249C2233361CA7,gappusin,1,False,0.9993127147766324,1
4017865BB25386CA61BA6FE8D264635B8657A0D5F0DCB0B4D0096515AA0AAF3D,gappusin,1,False,0.9888888888888888,0
97DF347BEABA43A34B7BC698E22779F84A0C551E402170F82B5B8BBAE50AEEA8,revmob,1,True,0.2966507177033493,0
836FA57D367E4EC7993FC00A938F043A3D935F89A91F1FC42E21DC48A3B2E2F6,gappusin,1,False,0.9926470588235294,1
4AA89B9811556B4756D7FBC97178458D53FE97B2A6FBAC13EF1ACFF7FBED9410,gappusin,1,False,0.9940546967895364,0
99B6F39B82972786A3DD2A0104626F0D3F20231D028FBF093D7C102679114565,gappusin,1,False,0.9982978723404256,1
47B1989B454108C930CF9FBB9A56A66A8D2ECFD188E6CC590BCE02206D1490BC,gappusin,1,False,0.9997314354773734,1
587444170ED32987A4E69312E8E62B5F9E8D195A018BF1578E5987AC669FECC8,gappusin,1,False,0.9995655951346656,1
EE110737E3CD57EDE78C4A113F28A89EB34FFEE30F36E3BA3B8F78D19FC066FA,NoFamily,0,True,0.8597328244274809,1
D15FC1E0510005CD7C31AE3075B4BEDD567D214F7E92D0A1F8E90BA6F7631DBC,NoFamily,0,False,0.5096618357487923,0
45F51EA3B349230B95B6AD50775201FCA5D7F33E04713AFBC0A04EFA8F35ADBA,NoFamily,0,True,0.7578181818181818,0
050901A70C413D92DDEED980E312EDD255BDC24C8B2CEA6C9B06DE224111CE7F,gappusin,1,False,0.9982683982683984,1
7192038360066DA9FDE67DD73FBA57AB4EF0DCD2AB15F186C06B7C686CBF89C1,gappusin,1,False,0.8812527185732927,1
84ED364D32C8CCD2FB24C8C985465C864EE8BF9807ED8711E814E2AB84CBAAA9,NoFamily,0,False,0.9978655282817502,0
FED84D30964A689CFF6DCD856E1540287667596C8E8A564F5AA9743C289A6D3C,gappusin,1,True,0.9982978723404256,1
1D16BE8FA5610EFBCBE06EC9A63A795A92AAE9A9AD04654E4C5D671F6C708320,gappusin,1,False,0.9452054794520548,1
61106853CC7E55B6EAA70A6F11E250ED70FCEDD55D609A18AE83BBAD689448A6,gappusin,1,False,0.9992412746585736,1
BE6946017EA45E5ABF8B774066D0EB46DC1981DC7EE7099E78A298C383B57880,NoFamily,0,False,1.0,0
7BF38F869FDBFC30934A55A607123B5BB6BB8382F742B1D727ABD1CD905BCB40,gappusin,1,False,0.9981549815498156,1
87C67D5D6504698C0AC617010351192465ED90FC5D0519A5DC2ECB216BA84276,revmob,1,True,0.2966507177033493,1
922BB1C820169CFE93A40CEFDBF79F2D6A044A6F6071F550624AB08AE3607719,gappusin,1,False,0.9993889398105712,1
9BC6E2B20510B268383086FAECCD899D383CD3E9CB6A29E1FC3E932AB7ACE101,NoFamily,0,False,0.989443378119002,1
FDB544648E9E906F1774C0E04FCDC29B1C406CD87FAB688D31E95A180367297C,gappusin,1,False,0.8812527185732927,1
0554C0C594C480497ACE60AF4B91BBBEA9B3ACD78C1C1D26E367EAC7CBE755D8,gappusin,1,False,0.921885087153002,1
F4157CC996830591B3DBA09F894E41FEEE7D125A682806AF152B0B2B9B13CC2F,gappusin,1,False,0.9982190560997328,1
566934F78CEDA54EEB520766EF952D5D0F890C787FE47788477D644B7FECFAE4,gappusin,1,False,0.9982978723404256,1
C7D35EABC0313DBC6EBF47EF60C9C6634801E63A3A00EC97C71CEE33699DC09B,gappusin,1,False,0.9965397923875432,1
6A77BEB8DCCB65F424B0119DD377CDC4742F00FDDDBE902F86E9FFA8678E31BB,NoFamily,0,True,0.918186843559978,0
A4EC0A483DF7A588F42C73B2EC8945A1039199AE5CF2E17509FAD873958E42BE,NoFamily,0,False,0.998530276308054,0
CFFB09847CACAA1486E6630D99A8C8884D602BE38115D1DE52EDB0DF5B7333D9,NoFamily,0,False,0.9611111111111112,0
F5DC0A45E70A579410DDEB554ABCD75F072EBB23B53C3936BF014AE27AEB826E,gappusin,1,False,0.9951807228915662,1
F468CEE8CE15C0266CC94CE4F936EAAEAF6CEFCBBC12E4A3A46838ADEFC4A8D6,NoFamily,0,False,0.9642857142857144,0
F4F893E78A045FA4F24E22E4C44CC2B12B23CC4DE51E2C9F4E3265F12EBCCB47,gappusin,1,False,0.993191489361702,0
FBEB49987075F4304A9CEB63973A497A1B57F28D86A77C450FF43F417379581C,NoFamily,0,False,0.9814253222137984,0
E106EC41BD9FE24FE52481C99A7BEF3C2EF002291E027AEBC4775BD6A9B5BD86,gappusin,1,True,0.9962002682163612,1
8472708D4F81033A8F3ABDCA811B64E4A09F1C3E8480F6F56EFED22FBF5C2731,NoFamily,0,False,0.9789861351819756,0
B212C48941B65115D50669EAB1C3B654EFB3ED9044508706FB4EFA65CD1E5FC1,gappusin,1,True,0.9962635869565216,0
CEAB78FDDC89CCE53888DE6DF387C27965336890C3FB18953A0FDC67B0BB436C,gappusin,1,False,0.9888888888888888,1
9A813112FE71BA3EAAB74AA2AD1655CF471741B45E35F995C918572990705062,NoFamily,0,False,0.996560619088564,0
1560981E7BEEE3A398A232551D4F04EB5C1D6DFEA31F7C0FD5CFF8EE9A87DE34,revmob,1,True,0.9026128266033254,1
53E1495D3B87F4784452A587B8639B7B015331DBF5D8677509D353B125C6469F,NoFamily,0,False,0.9994140052739524,0
4940545E76E4B24F18F7EC685ADE8E2B80E66CBD8EDA730C94E7B6CE865C46DC,NoFamily,0,False,0.9978540772532188,0
FB1905880AB50F123BB4AFE00CFEFDF92C3BF9E18850DEE2C4BEF1FA55D88BA4,gappusin,1,False,0.9902912621359224,1
5D08842FAD63812D8EE6D0F96E2726ADDF93C8E5CC959EC208BFC534B1DD41CF,gappusin,1,False,0.999194198227236,1
BDEA0740A61B0C19140B17F872EA62A4A4EB9BE72CD942162012039C3FB45005,gappusin,1,False,0.9976218787158144,1
F3A8A0434EC96B07326BC2B0DCF5AD31DBF7EC0236468A0A8B22419AC1E90CC3,NoFamily,0,False,0.9762569832402236,1
66DE47F109A38709487B99D4FA38363EEA32A1995820A29D2B5CE05CD79E53A7,gappusin,1,False,0.999702823179792,0
57DC63D9F2D142165A0EEC55B95566BCCA4F179A6D8334932A01ED3D12AFB491,gappusin,1,False,0.9993127147766324,1
2F4366CD13CD99F13005203980776A729EED64734D91A79E8B16D9785D2E2194,gappusin,1,False,0.8888888888888888,1
1EB732E91F7C5C0A63C82B9BABD58563AFEC64D81B50EB9F11DE3CDE6C20554E,revmob,1,True,0.9026128266033254,1
28DB364E5732BC3FF625665F6B21AA803ED9B0C0DBE0642D4B2FEE07416A1AD1,NoFamily,0,False,0.7454545454545455,0
5013B9A7ED5986059130B265931A95CC1F13A02F4A9FEAB569005ACD1D2C1E69,gappusin,1,False,0.8947368421052632,1
61325C020C4C1A58700868E175E2A4505EF35E203215675436576B0EBBD19EC2,gappusin,1,True,0.9098286744815148,1
56905C7F8357580E0D7BF097AAD37299436A93F13C1A3C7DE8D5E7C1F5117030,NoFamily,0,False,0.9840764331210192,0
3F692E5234D8C40A6D9339D4A72AB4DE10C4904CA2066F5113CC4C03A332D819,gappusin,1,True,0.9967741935483873,1
06A6EC0453CCA46DB1136B0ACB6025AC1CBC413F8FEDCFECB974BEF12F89AAE3,NoFamily,0,False,0.987749546279492,0
77590D6A394920BE62A7B3D1D583A7F01B6F44EDEDDD8CF6FAA046A302CB42B5,NoFamily,0,False,0.9918084436042848,0
BD1EE9933F21E2C0C050B56C4896FD978796409B33816129ABB198638820D9FA,gappusin,1,False,0.9742647058823528,1
BBC25D87BFDB41128F3257CA9E2272100B3DCEA625B6D5847DD9C1629F85C59F,NoFamily,0,False,0.9694101235552012,1
39E753A5CE2468516E630E0AE4CBFCABA26B4B3C3B8E465AB86ADE1376546E01,gappusin,1,True,0.9960035523978684,1
3F696073B0B8BA15824E192989CBEAA43D0BC1F7EFEF1B30A8A46F5EAE76F3D9,gappusin,1,False,0.9926470588235294,1
0F5E53F85F2C3A6FB0C8D6CEDB830E9A6E4C3EA894CD6EEAFCEE0DC25B8EFB16,NoFamily,0,False,0.8094089264173703,0
956936A98902F7CCF014B26BB5D96EF426BCCC90A6089BD612C460E19E975E22,gappusin,1,False,0.9989588755856325,1
F0081C7BD6E6A71C1550EDA2610CD49EEC7E8822EDF1085494E19F58C0938BEB,gappusin,1,False,0.999702823179792,1
43CBE8170C8ADEFCB68F5D62CF43F154E9584542A8EFE10E935888649FBA8D42,gappusin,1,True,0.9869668246445498,1
8E1CFAA18DEE40F03AEF498CC2F4C63B40CE941759A6F068563B965CA86B635A,NoFamily,0,False,0.0,0
EA1AA4399C35DEA1D937DAA1AA57A82A5818F6D50B8EC28C92945BC2F3D18313,NoFamily,0,True,0.944506104328524,0
B51416A0C7C6081C4BC3CA5A7764A24D34621EF2AAD10FBE9F99168814EC279E,NoFamily,0,False,0.970266040688576,0
C0231CFAAFFA1B69C2D1275CDA580CE37E1EB4D6E5346220F57D17895EE289D9,gappusin,1,False,0.9959016393442623,1
00648C1E69CB258095309876EF6B55A171EFD7C186A795AEF55DCEBFB950F7A8,gappusin,1,False,0.8812527185732927,1
E7B398D89FF1302C3FA43A3CEA5C3F84B113E5AC02EBD3526CCAF199BD4CC555,NoFamily,0,False,0.9316770186335404,0
F132CF1D0CD8215C166F52124EB4BC02ABF51CDFE43FA9E89AD144F57B6DFBF4,NoFamily,0,False,0.9297520661157024,0
B9935119347E6440BB9028C8E2EA0DF7F3E63EB4884F652E6E477FC842AE31FC,gappusin,1,False,0.9993211133740664,1
783FBEBE2B701408F50DDDED77185D0721CCA93E27CA202B5D143227BF91F8DE,NoFamily,0,True,0.5286849073256841,0
79B54C8CFB0785507300CE439D8A62BA55AC3688F2A518ECBD1F1AF0D9C634C5,gappusin,1,False,0.9932203389830508,1
D238583CE426073B480D530561F6C36CBD82F5B59D61CB41561AA93D66B315F9,revmob,1,True,0.2966507177033493,1
0D722B716729A4DC08EFEFF513CD0EF092FE307FCB108286C3DA061B42404463,NoFamily,0,False,0.8054919908466819,0
0AA00B4203312046E8F331EE91F17276CB6518491371DA81AAF54AC8D291C055,gappusin,1,True,0.9902912621359224,0
EE7081F5751BA5118649D1D51355AD1289CE9141703E005943E0D4C509C83473,gappusin,1,False,0.8812527185732927,0
660662F3373355A3EC6AA5F52B80C0274062E5588002D1970E2DB9E6437809C4,gappusin,1,False,0.9911834520176332,1
25A6D3AD90DF97EBE24A0FFD6B13B0FA7827309AA3A99B0C2EF71EFE3EEEE79C,NoFamily,0,False,0.9906462585034014,1
14ADB0F4CB94005E8FA7862545FCC54CF5AF65937B945FB62D552D1021EFE79A,gappusin,1,False,0.9452054794520548,1
BF930235FDAF018BD2C6CC787C1F07C89DB443253735A5842CAFED2E5F16C757,NoFamily,0,False,0.0,0
5917972DAFCB8CBF37E63A93086675AADE15590BD5EADCB6FBFA9DBAFFB75CF1,NoFamily,0,True,0.9903640256959316,0
95A8293115CDE7FAB7713CE4123AF421DE048D9559E7EDD7B28E0E618A405291,gappusin,1,False,0.9742647058823528,1
F3350551FA1CFBDC5B5239881D629D94A182B4F86EA4FD7CFEA33B6C7062A364,NoFamily,0,False,0.8675400291120815,0
16090C8B32A027397379AA84543F26A5E73CB333ED1AB5A019AB2CE5C9441FB5,NoFamily,0,False,0.4117647058823529,0
6A604811F03D5B0AE7590F687BDD43957A422401BBF4735F44BAFA3DDE41A4C9,NoFamily,0,False,0.7358490566037735,0
4A40A021CA4FA92452881B46B325765A5B9360FCB9148BD930DF36937BE9C98E,NoFamily,0,False,0.8918817807706697,0
DCA3B3366D7F8ED3984A40BAFB23E0C864D3A4E8BC3F5E653707D70799001C49,NoFamily,0,False,0.9835954676137324,0
36A0A853E8C2144C51087717A8D8DDA75A236B0AECB8AFE67F94F9D5E61C7BE3,gappusin,1,False,0.8888888888888888,1
CADDB3476C2529F63D24A44AAC30884755C4D28C8F48CA94AAD5C14F00C18D56,NoFamily,0,False,0.9681620839363242,0
1CBD61A2F9A90F5638F8E91C4EC4D30FD6517B46D66D10B145DA52279CB923C7,gappusin,1,True,0.8888888888888888,1
1999A718F73C0AB12508676E2697558F8B36A1BD48402946258A7C6FC98A74F1,revmob,1,False,0.994061757719715,1
CCD29EC8ED6BFD8D2EA8C95611501FD59BC1BB05F55DF5B725ECCFC8229DA2C1,gappusin,1,False,0.9954337899543378,1
10185E5E26750DD1C0B67505DA600542A3C521AE8F9AB663FE9312F254FE403A,NoFamily,0,False,0.997018263138278,0
F08A672AFC858D44A3641A490F39981F495FE2EC32B9CC2C9CFB57411EAD578F,gappusin,1,False,0.999194198227236,1
1ECF75274C749F2EEF7C6481019F39BED7ACA3F4CFB9F204FFF00CC2CB07D764,NoFamily,0,False,0.9987212276214834,0
3B0A943594876DCCC5448658D046DFDF2B5648FD5BD9B4F2A72982454DA9AA02,gappusin,1,False,0.9982978723404256,1
1C37524169CE4A60B25E8A1926A7A3266B3923DF4832F1E2226726E8D9E6E25A,gappusin,1,False,0.9997314354773734,1
518D3079D93BFA5936995221455FEC058095790A418C4602378F4471CF0F165F,gappusin,1,False,0.8812527185732927,1
7CFD2839285265E25A6EA26F2DA213E3510EDCE89EEC341A4D2D17D231D94C89,revmob,1,True,0.9026128266033254,1
5A702C321DBA06D07FBEEB3C15A49A4A4E58C36535A506D5EE3A1EC3146FE66D,NoFamily,0,False,0.9851733333333332,1
99DE85E4F230C3AEC06743D5D41F996BC5CF88D467C958E04E92A4DD7FD6648A,gappusin,1,False,0.9583333333333334,1
1A278963942030D8050C80129C86531BA293E7D770BD1F826D1876968E931335,NoFamily,0,False,0.976897689768977,0
12DF5DF3D265963D22CFC3D7134B7D96493E368DEA1E7A7B8F160F1290D3D1AC,gappusin,1,True,0.9976303317535544,1
C2DF14F2DAC341D57B49F1069395CD37D0486CF137988FDE97D2749E4F2BD0BC,gappusin,1,False,0.9995975855130784,1
E6A9DCD37D8A7331FD00103DEDD89CF0D5B49FC15D8B356C87956B150AD6BB6E,NoFamily,0,True,0.958904109589041,0
EBF217CABA75C6D2D67861325D2BBDB959A7B85BB38800B1634C94984F40D9FF,NoFamily,0,True,0.9318936877076412,0
A83E74EB5700F47B41FCE95AD21A4AB9BBAB0DA30F363C78CD0FD3F4393527DF,revmob,1,True,0.9973404255319148,1
534BB1DED253461B7B144A9159454607D090AB418C199DA280C852983CB111AF,NoFamily,0,False,0.2222222222222222,0
C83847EE87F8353F995D163B833F36913D36BF52F7237B87C7084A359E41ECA4,gappusin,1,False,0.950354609929078,1
BF55E917A65DE92B270F05473566AA0C7B6CBEC636FD6761A686D657B6516A24,NoFamily,0,False,0.9941395844432606,0
FEA3123A48B846C2D384FE987AFDB5D6CF84E952AC3EA8A10BC129B293708AFA,revmob,1,True,0.8882367632367633,1
90234A5A0BFCE8CEEA2FF409D7E9119FE1BE69DEB4A998B108B465A9CBF8FD5E,gappusin,1,False,0.9992481203007518,0
6576CCD850F6A00F5F3A3973A90C17F820E8E666177FD31A93E03FE3026742EF,NoFamily,0,False,0.9992690058479532,0
1B2FB0F9A52377C863490C7C9769ACE61ED13D07322ECE25ED8F4C64CB58D4EA,gappusin,1,True,0.9993211133740664,1
10E07A0A26AF57443AD73E7BE6E110CD38FF8019043E76DA502C6D6CAF0261BF,NoFamily,0,True,0.9908657664813344,0
E759997FFD0424943F850AB4DC0F95F42B0AFDA5B9A707A11E469044FD89674F,NoFamily,0,False,0.9454545454545454,0
1DA070ABA2F7E6EDA9DCCC0A7BA637DB4B8A9B34A57B520FF88F4A35E9CCC88D,NoFamily,0,False,0.9913294797687862,0
4377AAA74AD32E5471066299834E584DB6A6BE9F1035C7E10385A38006D55B99,NoFamily,0,False,0.4736842105263157,0
B9399F82D84016A9006D103B429D408C45886DF97080687F8BFC6049CEE6C54B,gappusin,1,False,0.9884169884169884,1
EB0F8CCC6120E5F44CD5201F7C32816567E2D613D18067BAF7F40B9DF8D47283,NoFamily,0,True,0.983942908117752,0
F63E180E365A34A546EDA81220F3247791DC52748F3A1A5CD814F63E9BEC9A1B,gappusin,1,True,0.9997314354773734,1
5070E1A2F8AB3EED1935407192A26D07307B81211816FF69AE5637E241301F63,revmob,1,True,0.2966507177033493,1
6F3D537B4844AE4173624CE02196D348D6FC4BF951119DB22803DF079C833137,gappusin,1,False,0.9981549815498156,1
DB84CF818675A2C009FD9913B8D90739452D69740878324144DA3D00ABF91002,NoFamily,0,False,0.9961974693502916,0
B1132087FA51BFD4D2C726C0C6905A3E701475BB67E9BF262528533041C7293E,revmob,1,False,1.0,1
A4274E30E2281CA52B2345C4B9DB8E1FCD8F3CC1BABF7C39E1D93E2CE0D70520,gappusin,1,True,0.0,1
E7EBC34BB1730A22931093CF5E223DDF3B792CA912C481733B01787B4A36E089,NoFamily,0,False,0.9726918075422628,0
80D02E2C03C0C4CF125E0DCBA7ED488E9B232003405860236D48462D6B3C160D,revmob,1,True,0.9026128266033254,0
D9FC7F853522D8BE6B0176246B3DB90F132956E33067A2F1D3EA51BB83102BEF,gappusin,1,False,0.9997314354773734,0
72C1620C57A20CFC8933C57A00999EFB66DCD7CD1C995A4DFBB1909EBA8AC0C0,NoFamily,0,False,0.9978540772532188,1
8D95509F415A5274AB725B3ADCF881F5201A8D0AE62A06A1EEA1E886CEFDF299,NoFamily,0,True,0.9867021276595744,0
7C742753E7458A6C8D1A5DC5BF6E84DDE7CF36662BDA9BC35A1EFDAC814CA3A4,gappusin,1,False,0.9925373134328358,1
627EE2B94DA2D7953A60D4C1CE9EA293F4EB113DBFEFAD0A8CEC14DD105A4067,gappusin,1,False,0.9965397923875432,1
D340987F312B3C78A9A7FF257C9053A8D25D0848214471666ACF5FA1AC704AEF,gappusin,1,False,0.9972941631233088,1
480B23467C9F8AD820D36F6E831EB3274D68C152B95FFA3160069CA5A5C065EB,gappusin,1,False,0.9926470588235294,0
0E8E571472BB55E6BDACE9BE4A1073560AE7226519A8973B387474C638FBDDF8,NoFamily,0,False,0.9971660916707736,1
93F9C41E25E5E78EA7E5CD2BADF97ADB3A2655021684852ED0B2C833F7DAD544,gappusin,1,False,0.9993127147766324,0
12E164E6C9CC5E3754AE38C506B9A60C644DCD98FD10526F48EFA990D5ECC6F9,gappusin,1,False,0.9960035523978684,1
6E477CC60A0611A59849E94D383CBAAE4F325E11443F1EE169A33A5875023086,NoFamily,0,False,0.994207096307024,0
5112ECF4307059D38CEAC8393D6BDDD4CF9322B13BC5E6579EC6E886432324EC,gappusin,1,False,0.9972350230414746,1
E81839066290F8270E572DBABAD9BD09C2F929A7E12338D1113057B00BE20A19,gappusin,1,False,0.9935205183585312,1
A0D996886B7CC44457B7AB640D0E80D8B880A863A62E8751228BA3402C5A0BEA,gappusin,1,False,0.9153439153439152,1
4A4A3A2A3E599415CF374C93957FCB3060501F9BDB70F6E01F5940C78726BD09,NoFamily,0,False,0.9146730462519936,1
04FC324445E87FEC5D798D189D9F3783CA0460E7197A2F2D3560D4F59E0F7AA3,NoFamily,0,True,0.9804469273743016,0
33C380622DC8E339981FFF9A066676FFDA6815CC68C624FEC6584F532B1D5982,NoFamily,0,True,0.9752553024351924,0
DC312E8974A1315FB00367DAFE7896F39BD953D1E6BBB582496F90E2E214DFF6,NoFamily,0,False,0.9997098926602844,0
19AE6183D9821EBAD489141CD3F8BC5672A03938832C9AAF4AFD84CF7F23705E,gappusin,1,False,0.9997314354773734,1
05F1A125069998E74004169DCF87A4A0D8381AF6C3E86C5502AA9DCCDFC7BCF5,NoFamily,0,True,0.8777777777777778,0
150A361A4DE2176BA58E74308A52594CE6C86CDE5EBB869A172B0C87F1FD65BE,revmob,1,False,0.9121140142517816,1
F9B5A04826BCFFBDCE7D635A0AAB98857B519FB39FDE5DC4731782E5F301E56B,NoFamily,0,False,0.9102564102564102,0
FD59A75C6069EA3F2D4D9F3057D8D7A5C7CB49208DD03AD42224C80F0B4DBFFE,gappusin,1,False,0.8888888888888888,1
042D90160440C5197A316E1079868DBCB0F41611172211007DD6FE6BE49F9AFE,NoFamily,0,False,0.9428571428571428,0
A9FFDD6047D977C18A5443450E179460A8EE11345DE81BF19D3885D2A826D425,NoFamily,0,True,0.0,0
E9A8A0E654FE43EC3CFE119758252383B91CC6909E30165F648F6AE5393A8E0F,gappusin,1,True,0.9962635869565216,1
CC270B0B7C78BBACDC35A05BB7E7A99991BEFAB7A2DF7AE3CFE5A2A70B4F6B2C,NoFamily,0,False,0.868766404199475,0
DAD285142F8E0F669D2591A1D25E55FA8449E3B68B3CEE6FDEEE70D0C6E7C316,gappusin,1,False,0.9965397923875432,1
356322F403C2359207591EA95115D3A4DC33FE27B5681F9EE39506C8636F28A8,NoFamily,0,True,0.9713015359741308,0
3301B698C004D2CC950B8E8C2CA82AA009B47DF26487102C27C22B2F5ABB0F9E,NoFamily,0,False,0.9376895505927764,0
A1F97593B72C10B49AF7BB565A9A70EB829E629584F47C183039E3126ED01D57,gappusin,1,False,0.9996726677577742,1
2A0137C42419E7E3FB13F155BA1DA850B81AC077354DB49A85C66C13CEFB7F80,revmob,1,False,0.91270783847981,1
1561C46820563E47FCA28491F44A711DEA1FAFC9BD251CA0CC3DD43423D134F5,NoFamily,0,False,0.9984142086901364,0
56780B696261AF8C7ABD64FB2439B680C9F3434C317097C65EB8B87C86B3F103,gappusin,1,False,0.8947368421052632,1
176451F28C2B4C625805984C717DC8811D1FC5A8FA98FBA7A9FB7E14BC8C92B7,gappusin,1,False,0.9951219512195122,1
E4E5A7D1C08FF93FBA78161C0258955B30D97D4C97BA87E1A11F158FA2BD9F3D,NoFamily,0,True,0.9569377990430622,0
011354136FCD7EEE9676C1E6D53D0CDD3BF019DC450CC055DD805191FFE9B2DD,gappusin,1,False,0.9925373134328358,1
1DBE1EF1B2E04B5BE95B217D655889778FFB9ABDE889282C1FF3BA1E0E21BE35,NoFamily,0,False,0.9944178628389154,0
2805615BE62ADBDC7A0AEEBCA5245130603E92EAA503D5D4A41B4DCF99A936ED,NoFamily,0,False,0.9834710743801652,0
298B8CA7024283A0CFF1E540147228CBCE20674D403170104AD1457EDED2724D,gappusin,1,False,0.9931506849315068,0
FDBFFE3EBA96200B2F0F7E0CEE90C90B7241797DD8BC71BFBC0B8F3F3E7CD8D9,gappusin,1,False,0.9995975855130784,1
BDAA81337C50888079572FE698A930F442F4159FD2F704A065114D64CD298177,gappusin,1,False,0.9972324723247232,1
571E9117C2A46CFC20046C863BE615DA1B41210CB01E3CA3C6A7B76048C39A02,gappusin,1,False,0.8812527185732927,1
5D6A5DFF41F0BC0B52ECB259F7699D18BEA13760C93439982E5065DBF8330911,gappusin,1,False,0.9982847341337908,1
69906712F710A4690369A4882FF479B7D5FD6DD5ABFB4C21E24B6A38C997225A,NoFamily,0,False,0.989443378119002,0
97363FECFC8A2D62E4D2DDB6CB169A093CB9C92DAE7CE3E559661BACBB4A3397,gappusin,1,False,0.9965397923875432,0
9780B03D18D0360F2243E4E0CA53C55653E47959C0AF1811D4BA7140DC0D144B,gappusin,1,False,0.9997314354773734,1
18FD80FA4316D4EB7619AD021FD397F277ABC851856581E063686801A6C22087,gappusin,1,True,0.9987113402061856,1
5CDAA4DAE9D9020701A8E5C5C241561B41CE2512C3EF28FE8F675E4E18BC9D5E,revmob,1,True,0.2966507177033493,1
B2D22A3D2C28020E80A7716180DC4D7C033523FD999EE8BA64C78FC3F5D2D8B3,gappusin,1,False,0.9997314354773734,0
449175F3205D562A53E19D5BE1072FF5124946D87B3CD8ADD32E31E6C98A934B,gappusin,1,False,0.9884169884169884,1
D4C35C8C6C041DCC64CB296A7C690E936D4993B9CF3CDE7E51908A48ED21F236,NoFamily,0,False,0.9926362297496318,1
FE10833E6F63AA54DAC14CBC58C8303BFDA6B4D3FF360A28F3E417DB0DED1186,NoFamily,0,False,0.907293796864349,0
FDD3D9470FD01E51E35E1B2CDE15BFF7DFD6ECF910250A64DC541267E6658FE7,gappusin,1,False,0.9742647058823528,0
0682F32AEF959021F6A0E2FEA0A57F129CC0E2F0494F28C78E7F340B70D51332,NoFamily,0,False,0.7134986225895317,0
718D19A23AF6D85501663FFE79FD2E189EE31CCAA5AACFE349BD6C33BC87DF5B,gappusin,1,True,0.9993127147766324,0
FCEDB750AE23C0DEF0355E6187CC3F8F15FB2780B92E84C9B21CEFD288281209,gappusin,1,False,0.9989588755856325,1
BCDF919487CD27B7C04EB749CF17EAFD848A5E28E298007C2E59F22492FB4B25,gappusin,1,False,0.9992444276539478,1
093688131CB2DFF6348F3EE0788A2EB0FCB664C86CA10448058E25A79E10BE5F,gappusin,1,False,0.9888059701492538,1
CA0B12A91EFD65C777D85F52AD602B02F9FC0F9EDE45C6B5D420324681D3E546,NoFamily,0,True,0.9978540772532188,0
4D534C4A20313C40D1503761A929A990CE86CD24D5B534E148DC24B6A3A42928,NoFamily,0,False,0.9969758064516128,0
299054E09EC630C2CAB2D828D86F05874B53E8A1F59D63D82DD2D675C3331D7D,gappusin,1,False,0.9994627988181574,1
5E4747CB10013AB71ED22C48DBD858118832C2E89330F04E8B2F27DF68CECCDC,NoFamily,0,False,0.6578947368421053,0
AC40A06AAAF7332856B786F73E5C96B589E7AA5AE98245D5BC584149EBB28ABA,NoFamily,0,False,0.5945945945945946,0
7720C5275976AC19C340010B67793FF1047451370D08ED960635ACF2D106621E,gappusin,1,False,0.9869668246445498,1
78640985DBDC2F28E91A42D59FD71858F8F2D31B7C01E63DCCB917737CCFB1A4,NoFamily,0,False,0.8859087269815853,0
CEF4561CE00BF88CEE2FFDF7559141365521AD2296726C9B5944C9FD0EDB3CFC,gappusin,1,False,0.9922779922779924,1
456C1DC1B21287993AF704194F27DE50DDBA2FF8EEF81C7AC01B813FC9B5742F,gappusin,1,False,0.99,1
47D4C597EF5FBD26A2E2602BA90DAD2FF5FAFD54D6B89A39A3341040D2FD831D,NoFamily,0,False,0.9925119128658952,0
6D707D29A3A486C5039CBFF7E552D34AAC89C8DE8B1E1D8D33B3F7121E2FC828,NoFamily,0,True,0.9347530584503853,0
9AB02B09D265DB958A4840A763E4ED62508C8BE232AD5351D74F2ED8407BDCA8,revmob,1,True,0.9026128266033254,1
9BCB927DB3E34F56280C2E14B0BF93F1E10E8D09E58AB5627B728BC7D85B0155,NoFamily,0,False,0.8713450292397661,0
CBCD4F03ED282A05C9D88045A331F80910771C23F8497F44AD7B2AB431E76B46,gappusin,1,False,0.9869668246445498,1
0127C26534888A84FDDA645EF77564E58D7C2B0E6B3577EABE3D172F5B383C6D,NoFamily,0,False,0.9146730462519936,0
7E1ABAE94FEE7A8223FD326DB4CB2CEF878CFF82ED54739D2B856452C7E53DEF,gappusin,1,True,0.9452054794520548,1
2BCA51B4C64D287A5A5BFFBF5D356C127F9C9B30DDB2627E55141048A3E03A69,gappusin,1,True,0.9989588755856325,1
33AC151AB4085397F1E7B4D56E1FB0C49886834330BAE53A837BD6A7DB77AC7E,revmob,1,True,0.9026128266033254,1
E84E5E8504ECC6EFEFE60190E443B62A18C01CFBFBD8B4F7E73F3F527EFDF173,gappusin,1,False,0.9982847341337908,1
103F6C9154E2CC988658384EB02F299D5F9CFB86F56D5D32E26A9407AECB0530,NoFamily,0,True,0.9146005509641874,0
EFFAE14BCA7EA647CD315D28E1E012D0F1FB04D27855C6C2E3B7C746ACA2CC3E,NoFamily,0,False,0.4175824175824176,0
A5E18836E5422C150A8609E75FCFFB17F43D972C8A7568248A7030880AE13C4B,gappusin,1,False,0.9965397923875432,1
04038F67DDE7CDBB98DA7B38AF4A9F3988C7B00D9D12B3348E8392A1B3DFDE82,gappusin,1,False,0.9967585089141004,1
7478C404C771F86193B86E284675619211C92148A0A34929F980D72D49D75EB7,gappusin,1,False,0.992063492063492,1
DC7F3B7652FB00DB766DE92E119CA2EE2B5510679EDC36599DBA472AF6F886A9,gappusin,1,False,0.8888888888888888,1
AD79A7E32486053C96921E6464A65723C7F00E8E93FC4F6FA0B508E6016EB476,NoFamily,0,False,0.9552489905787348,0
5B01977AD8E2D0D71BA894A16CC8911B707A112027EE6C98E59A449EECA49249,NoFamily,0,False,0.65625,0
0973E8EADF606B6599B9D4F7CA723D5402D73AEF43BAEC04752360BAF182DC42,NoFamily,0,True,0.6333810119792598,0
67310E41EC0791DBD31F8CEF7F07A55C1D7F4E2E60D6C713AC1145B31F9D4B4B,gappusin,1,False,0.9957228400342172,1
20660B77389B1F01455FF39F53CCF1031D06752BDAED2B9F76754E8BBE3EAF5D,gappusin,1,False,0.9987113402061856,1
AF0A35847D8D730FDAE3C32892ED7DDCFBD5827AD773DFAEAE853F9D153775E8,gappusin,1,False,0.9989588755856325,1
6D9390097C6345E047A71E94C98A6D5563B277B675541BE6377DD6036515C212,NoFamily,0,False,0.979050279329609,0
A315538125FE7D042970B44A389E453004E9894276B990A7CA83C913F05CAAB2,gappusin,1,False,0.9452054794520548,1
1091B11AE3A08D2EA8578EF470FC89B9EDB7EA167C33A9D5A82ADBF66BEC8BD1,gappusin,1,False,0.9987171263630532,1
35B0E207127CE43408770C5471A1799BBD5B65ADB2297C292B94F59A56CC636A,gappusin,1,False,0.9969097651421508,1
DC043930A4566DAA0D103DC6B03B9357D89A35E466569616F99C830D3D8658A8,gappusin,1,True,0.952542372881356,1
C02DC8F98989D02F75EA8DCD1FD88342109A0411B466009C98C3435A0FE6E1E8,NoFamily,0,True,0.9873038516405136,0
C7A9D5053A71F1433D771978D798B5AE0844BD555D50482A2DC92CA2DB2A18D7,NoFamily,0,False,0.9919786096256684,0
2608AB47D145ACC619F5CDAC674A30A509D887D90F59FD48924EB7659131BAA0,gappusin,1,False,0.9931506849315068,0
3811B0A3919FEA5BA2B212C64E749CEFBDB27DB9E68DE41ABC6697581195291D,NoFamily,0,True,0.8145344436033308,0
C7B435AA110AA027CD5D7D1FC7872C8E713B0AF35F255870F9B08DD3A4787B1E,NoFamily,0,False,0.9237076648841356,0
945B36006B6F4FB9A50795FA5C6DEB7C9FE05FFD7E980CE46A7157F20C8D333E,gappusin,1,False,0.9452054794520548,1
904BDD4F93D076C0680B7CE732805FBE703ED3ECC12A92E6E4F72E0239D5EC51,gappusin,1,False,0.9865771812080536,1
463B53DC1F04CE95CE42AFC777E2A0994F8CED5BB52CFBAA68B2775AF0ACD0A1,NoFamily,0,False,0.4705882352941176,0
CEB556E659B3EE8A346AFE5C6447F47E69EE264F67559248AB924EC2D2A30A06,NoFamily,0,False,0.924022346368715,1
7F2CECBFE40E96A49454F4FB7F1E189D6EC0C788A895561C88863B0637D4D0B3,NoFamily,0,True,0.91336717428088,0
DFD247236FC3246F917F0C038E84C14C1C102BB75120AC84B62B583330E9BA4B,gappusin,1,False,0.8888888888888888,1
35D0855A5F5E269E4AE8DB9A2D0CF55A7ABEA0FC3830890A11977A63AE86582C,gappusin,1,False,0.9982683982683984,1
AC8EE528228F96676CC37B2C57C5819E0F12BF045DDB7D6C57A201324D30115A,NoFamily,0,False,0.952247191011236,0
C08E0FFDCC995D0DCF3517E9DB0355870032B4952B621F151C6E49F940BB1EF1,gappusin,1,False,0.9925925925925926,1
CFCE703FB1B489A9B6940B0B03D173745B691A503D3B2DA23D835F2D1076AD21,revmob,1,False,0.994061757719715,1
83A29BE619D7A820873B1806088FA0F8E426A3FB1F7DDD2AA76F28FAA5B87512,NoFamily,0,False,0.9684997330485852,1
63AA8FD64B709B3E8DACCD04DEF8F90E05E9FFEF9B214342A3E624D227D479F6,NoFamily,0,False,0.9925119128658952,1
32254101FD2E9457B4C1A6700DBFBB5482D546AC15C46AE26E2D7452FC721976,NoFamily,0,True,0.9030812324929972,0
8C98AF5413D98C9985AF723349AEF56B4812EB2B57166CC221EDDAA60328D25D,NoFamily,0,False,0.9982547993019196,0
FBA485B3F1FD79B2EC851A74514B0BF71B34F8E26EB9D792DF59926FCDD37675,revmob,1,True,0.2966507177033493,1
997F6BC3FAC7C9C54D492D5350A0829FEA34BAB86B634FCDB3E5D1FD1AF11D4A,NoFamily,0,False,0.9925119128658952,0
812438F68B98E1BA1B819CF6D4B6A5C34171DE3D56E57F4224856BEFE4D60F56,gappusin,1,False,0.9483482387296952,1
133C924B78C5349E9C2B8780F4856DB287DEEC67E6D53D4EC06B9CEA63387A91,NoFamily,0,True,0.99275887038378,1
15D17EE076E89F4985540D6507DBF1A74F28F0FB4960862BCA38E8C971C2F461,NoFamily,0,False,0.9982232750962392,0
EA06247E3CA7D76B2DE608F6E8977A3D1FDE7E745638EAAAB1328AC1FE401DEC,NoFamily,0,False,0.9726918075422628,1
3408C484B8DE805A1CE04BA0D00221C51A3376CC4DEEB996A8960512F1B86486,gappusin,1,False,0.9992435703479576,1
6D4650AA4DE9FAA50D08E15563A4C53B9E93D8D729CE1FDD680066694EEA4C47,gappusin,1,False,0.8888888888888888,1
0A1875B4508DE49B47F3DE3D8DDC9ECB0BD45122B6FC1918404BF1D1465AEB85,gappusin,1,False,0.8812527185732927,1
AE874C8AF4EFD6384A5784321A3BC3DFA93E71DA093490759E92CDA34CA964ED,NoFamily,0,False,0.9893162393162394,1
FCEDB2DA5C0ED860CB58AF8A43D76E26518258B1D2B4CA29296B936016632897,NoFamily,0,False,0.988427501701838,0
C5B5712CF9724B5777B87CCC075335B983228CBBBCCAA2A6C0105FF9434A13D5,gappusin,1,True,0.9888059701492538,1
ECDC99F15DB7F17769C161CA6E2CA16DE6AB6A8F7D47FCC6F2C3C99E10F167B0,gappusin,1,True,0.8888888888888888,1
04ADDEB215C41752AB6E6D758ABDDF991E9A863C1093B630E2D4D2ABF879802C,gappusin,1,True,0.9962635869565216,1
FDDF58268719FB1F110F40BB7D208A2B8964FB018A72CD9D7366BD431DE33505,gappusin,1,False,0.9931623931623932,1
335C9251012C11EA9A9BFD80106069400680C2A1D586008088C1710CFF8F8045,gappusin,1,False,0.9996726677577742,1
7ECB65ECF4FCEC15EC1499984D1B1402D48C5024969F988A7D4E4DDDDCC5EA1A,gappusin,1,False,0.9869668246445498,1
19522171A589028BB047B2B32F60C58F7F94EE4103E15D0CCB32EBF9A1565DEC,NoFamily,0,False,0.997018263138278,0
F3F1123CFD6FEB5005291E96CE131E538B64D7D1D5F5903736FD43CD5D412ACD,NoFamily,0,False,0.9985067197610752,0
3C06954D1E0FFDE0947747E10C2073E38524D66A31AD9936972FCB1E7E4F3980,revmob,1,True,0.7524467472654001,1
0977B0E411C9C4EED5233978C65570340F64B0C7CBB6294B03BD0FB64E6F482F,gappusin,1,False,0.9969097651421508,1
344E2922AF9C4FD60E2C0A501BB921580B97C96E2859865DD147F704A8BA2C8E,NoFamily,0,False,0.9883495145631068,0
2A1C93E994ECDA622047C47143D150EA1686FC5A05E0E72CC4F343F87BF51BD5,NoFamily,0,False,0.9871447902571042,0
BE2859CB7FA483B0CC18D9DAD671AD3F7EBA98A9293E9A4695288252BB0C67E2,revmob,1,False,0.7918646080760094,1
877E4EB9D5E90E5D0377563F5ECC326C9FF59F4418CE16DDB4E3D21ACBA41031,gappusin,1,False,0.8888888888888888,1
0218D0E654A3B816E4EA5B040581C9D3B0BD64ED0D35DAF6BA9A779C958E8F28,gappusin,1,False,0.9981549815498156,1
B1F276F226528530018A1F5E322A818C584CA766DECFEDA428626D4DCD1ED5AF,NoFamily,0,False,0.976897689768977,1
8E000926AF81C1F10BC4699068F634A3DDE9181BDD1DCB91A64C8C4BDE120E34,gappusin,1,False,0.9996726677577742,1
30E21C308AC77FDF11AA9EB2CA3C499B387A86F08305D12AE49CBB0D09D5E507,gappusin,1,True,0.9452054794520548,1
DB2CAF6088971C6B98D0BDA03D3AFB5F93930FC13B57B8CCBFFC6BE53E8E9447,gappusin,1,False,0.9992444276539478,1
34DB64EC96836D0392B04D9C4E606320D18E69073A5192E05C8EFC29539399D6,NoFamily,0,False,0.9726918075422628,0
E8092DE8B0EB8881031F754EE5A065D232B57B357E88FEDF003F7FC15715347E,NoFamily,0,True,0.9973404255319148,0
75E2742C9039D188A007D7D571DAE18844A47CA3E1BA9C2B5DA642E281CA93E1,NoFamily,0,False,0.9810462471569372,1
76160CF99A2C08B2D8CF35BF2590D655222999CC5FB10539DE8A96B6F7C41BB1,gappusin,1,False,0.9982190560997328,1
0C3A78AB7DFF42A548B5D59B8096E0CD48866EFB6BC191F1693A96DF8A98DD45,revmob,1,False,0.994061757719715,1
109737379D8D0D5E942A98A6819A6198A8900F5D72DECA39C3C4D44DF94C3B08,gappusin,1,False,0.9965397923875432,1
A084EF1378959DD427FAD1C49E138906C8F9B0B3FCD77659C094FCB71F1DD396,NoFamily,0,False,0.76592082616179,0
743C9E3C00ACF55A6FA9E7EFE6A26020299F6045028FFE3574A009FB838E09D4,revmob,1,True,0.9128919860627178,0
90DC449CF070513A312B4D1536A952B382D443577FF41B3F6D8473E1A3B7AB08,NoFamily,0,False,0.9982832618025752,0
E4332B25F7D2C2170B68211F07087FCE37D582E6508AEA914A79AF77EC266AE9,gappusin,1,False,0.9967159277504104,1
9B603E996D41A271CC3BF59769D31932771F26BBCECE343BDBC7DDD0765895BB,gappusin,1,False,0.9887133182844244,0
DFCC92F056A275A2400E94CB239447834FC21BF58F5F707008DB8F1BA3268718,NoFamily,0,False,0.9919028340080972,0
CF7C8AC33915A2C5BA26309A2F2A5ADA8E7DD3DF831A21C1C37A899EBE2B2749,gappusin,1,False,0.9960035523978684,1
A7905721325F1E43C4DD5E1F3C68858FDBB08AB896843C847D5E10CDF1A42C7C,NoFamily,0,True,0.0,0
639CF523967ECFF78070AD8824941D65AC48CA0DA915223350496F43EA7FD7FC,NoFamily,0,False,0.9930875576036866,0
DF6ADC530BB742FB8605A56069133A331900D569EDC04FA71BB7A50B84A2BE2B,gappusin,1,False,0.9992444276539478,0
09DEC2F3DEC2AABDDA926AEE2EBC76E4D4B30A8CDF503BCA105944758AA2A8E0,NoFamily,0,True,0.9866810655147588,1
FB2349DD690AB288F3AD7D18110F99CFF4967C0FCBF6FF31C520F56FCD060D39,gappusin,1,False,0.9978383052313012,1
8FB8E23C374CA4CF066874025D622BA2C7A56654BCC7506DF0C1821579A250DD,NoFamily,0,True,0.996305418719212,0
CFD45CAD3C550F9D15837DC5404D6B4901974344C6821473757DEB530BA8792B,gappusin,1,False,0.9583333333333334,1
055766F079E9358B153E469E1D832B8A4AC202867556A883D616C09A67B06751,gappusin,1,False,0.8812527185732927,1
144372BAFEF675F5009372311157258D8B96CCEC9689C22FD49B5851887B1A69,gappusin,1,False,0.9987639060568604,1
2BB15B9782784C00A3DF797C3C4975D0BEA0CB3D73F3E4A01CA101163393C316,NoFamily,0,False,0.991869918699187,1
3DDCD5CCAABD20258434F1290DC48517F4D866A977D03BCCE31D7816BBB8DE8E,gappusin,1,False,0.9991024950637228,1
04904470E4BB0BC8CEA28C2781EF74FB7016D1496EA0CECEE57A5A3514A6D6F3,NoFamily,0,True,0.9425837320574164,0
89F5B7A03BC73F42219D7C01747D4D6BE35AC499B047294B7E6F03FC24EC8AFD,gappusin,1,True,0.9869668246445498,0
AB7CBE1686831C5E36DA0818B51772175A700294D43FEFA84AF3CA028A5E2C8F,NoFamily,0,False,0.9802816901408452,0
BC82639CF36A082AD0642530B86263EEF394F26DD279FF252B62C2BE8B0989CE,gappusin,1,False,0.9869668246445498,1
481545FF48C88175BED28B9278197AB7ED2BE530A21B6ED3A5674544398D4288,NoFamily,0,False,0.8823529411764706,0
B9FC5EA927E71E2CB672E7B26B3DA660176C8C621296A64D711FD110BEBA64F6,NoFamily,0,False,0.9867021276595744,0
33B96F33DDB008A8A90D465DC333C6743EA701227B1DA4105B23E3717A44D05C,NoFamily,0,False,0.3964497041420118,1
1583589CB78E1322CACE51495EF1EFCE7F90B08ECFC0EDAF9FC6DDFB21021879,gappusin,1,False,0.8947368421052632,1
D0FA9D499588496363A39D5F875F71C79506571210D597B65123AB899E778299,NoFamily,0,False,0.9963235294117648,0
27976BE061BA2484BDF79B1BE7C58DA76E8B899804C8AA027A9BE63C657769FD,NoFamily,0,True,0.0,0
25F1ACB553635D53000F5DD4EEEF32126971183AC2504A45C4F9A6B70AABECE6,NoFamily,0,False,0.8077900084674005,0
D45F60E950409722FAB5AAA375CFD32424C69608FB85E65CF2DC33EB49ABA82B,NoFamily,0,False,0.9919786096256684,0
D6FA4437B05C4AEABCAFC5AC9DCAEBA0D2011EAC42044B52AFD1D91A464A6AC4,gappusin,1,False,0.9982190560997328,1
6B1F64B2238FC35B4EEFF64C09E897E7BCACDA20FDC8AB82A32D4B9EFE8252B9,NoFamily,0,False,0.999282742791565,0
82798E3A79E32C9CB263BE26766B7E5602D4F02B7732E22B4B37534714ABEEBC,NoFamily,0,False,0.9893355209187858,0
8AEC1815F769F923F70C536C68CA3331F46AB5FBDDE3AF396FC766CCCBC22EE2,NoFamily,0,False,0.9916666666666668,0
14F5022F09EE0F7B98B5BA71684D01A8DC865E304E0B2101DFDDD04ACF5F47F5,NoFamily,0,False,0.995156081808396,0
23A4B028DDDB27425E11E8F8BFD38240617EC1FCEEB8A66893028D862CFA8621,NoFamily,0,False,0.9919786096256684,0
6A84957C96480BD91F56AA16328F68B0A521ECD26DAA121E77AF5D8D3ED80CAB,NoFamily,0,False,0.992545260915868,0
FEF59D888FEB8B16A4872C8AD5C32AD5A679EC999BFF610B74FD11E8B9C11092,NoFamily,0,True,0.7088649544324772,0
FDC8CCBA483373B66C5DE8574E96073C9CE9223DE2D2C91D9E4D216FFC3E686C,NoFamily,0,False,0.9886249581799932,0
54C2741CD75D75C9EAE7DAA9398D7E03D4069141EC73BFCC16D7553444BDE0B5,NoFamily,0,False,0.4827586206896552,0
04071CD6C95897C343968F44BEC7B97CA3FD8AEFBD616354786AAB6B372D7236,gappusin,1,False,0.9982190560997328,1
BDD858DADC0A1A9587EC8BCEF41FA748265F8BEF8F1792346C7C6C8772B497E5,NoFamily,0,False,0.6045816733067729,0
C2184A2E06838AF1112B128886688CEFE61E6C86871D4BEBC0AFDA76CA7D4473,NoFamily,0,False,0.9995322002183066,0
33896EBEC02963FC5FC24AE0605FB10DBFE9881BE90E849AF6C98293901C03D2,gappusin,1,False,0.9993763642033052,1
D1B029493A52B97E2A82AD2E9E0EED033BF3CB3FB1BC6ABFE77280979128D91A,gappusin,1,False,0.8888888888888888,1
1D843E9025A2B3D832202C8BB4E79556898DB2FC1B9B7416113930AD7F4A2BB9,NoFamily,0,True,0.7462121212121212,0
281FF9AB3FA7205A0941EDB3871ABA403C342BDA776949436C17EC2156DC3B4E,gappusin,1,False,0.9583333333333334,1
8CCADE34AA9D179F7D916B00739A754ED6640F74178366019EA581108145B016,gappusin,1,False,0.988095238095238,1
08F402C6BA2526540E9FC8310C11ED81FA4B435374AD9C2809926A60A7D6BA4B,gappusin,1,True,0.9981549815498156,1
E67097359DD3A71CB1E8FD9E882BC0F111A7C16D10CBDC58179E823B331A53C2,NoFamily,0,False,0.980774160471674,1
76D602B0BE59B68186E8EE3F77D8ED7D76132279D8F5BFB8C473B19DBB0D2134,NoFamily,0,False,0.8883167042162858,0
B9E6C34E893CCC3383381765DB13A1A63D6068B3B69F173A1324A770A7AB1BDD,gappusin,1,False,0.9962962962962963,1
7B92081C3DFC4E9A883A7D80CE4747981659260C0B5A6931D25B97FE8E260305,revmob,1,False,0.9121140142517816,1
B4477876D8FDD4AB7B294CA54F0989E14B4BEB3BDEF2ACF3E09AC45D31CF5D7F,gappusin,1,False,0.9992444276539478,0
7679D1D305F4D2E0D98FE1228C643441076C6FF588A3D36A7211ECA5660CDE24,NoFamily,0,False,0.9977011494252872,0
01403434A447D0E35BA477CD35F06C6177DE9DE93C4F70E909E95560B9E82BCE,gappusin,1,False,0.999194198227236,1
744734CD5012B37097287B46C12DD0233A1779DBF73402911829D5FB33195BEA,NoFamily,0,True,1.0,0
E7B3C42B0D99D8473ACB7A582CB2D6B45C72A19BC908518C8062C9A8BE807070,gappusin,1,False,0.991725768321513,1
147E043F8F2C0E446309658E4D22CC02977676E925C9EEA17291974F58DD2231,NoFamily,0,False,0.996943972835314,0
6A29A39F922DF35CB3A1B59CF387D2A5666E5F5B2E2C0A827D4E6C6581BFB42C,NoFamily,0,True,0.9996686547382372,1
0289766D2EEE8B40C9616F55245117E046A36DA7E2BB9CE94497BC1FB537EFF4,NoFamily,0,False,0.9923236514522822,0
CB57EDB3CBCC3EFF46DD8C6797E49CFD6785FE31485F3790E640200E8315AABC,gappusin,1,True,0.5908406146429648,1
F9D2BCF26E9F2DB20433AE4E6EFCE97888858BED045C53C79BD1C3392926ADF8,NoFamily,0,False,0.9679066374908826,1
651489BFF49C7862E2FA701D53C2003460F432FB86878D2B23A18D0A4239333A,gappusin,1,False,0.8947368421052632,1
50BDA17EA26030309E44FA121DD63945A5058E05A0DBFDDC23A8FE9ABCFFC0BD,NoFamily,0,False,0.9391304347826088,0
9EF33613A9C87C6FF0A0ABA2021D80BAD107928EEB638DB9B0C6DF062141EFA9,gappusin,1,True,0.9970238095238096,1
F82A54C888EE6DCC1723210FC0807BD27BDAAFF0031BA69B4417509185472C76,gappusin,1,False,0.9996726677577742,1
2664B6D93CA3BEF165DC6D9EED953C79B2DCE3B09A29C3967352F16CAD1323E6,gappusin,1,False,0.9987171263630532,1
E398B2CCCD3BE3262BBBEDB24B51F5899107D48197FEFBC0BA54BDDDC460116B,gappusin,1,False,0.8812527185732927,0
CAC1B47755757CCFFE18CED77AC6FAE7029FB42316D8BBE78F397FC100267279,gappusin,1,True,0.9997314354773734,1
770D842C2BBD99B973040D79C29CFAA0106707D8C10F289DE020AE39DDBDF919,gappusin,1,False,0.8812527185732927,0
1613F8A85DEC4742997B19482BF2449DAB524C8DD36E0A459468D4215F767F30,gappusin,1,False,0.9989603445715134,1
A65443361D3C0AC2D8612A8378C7BB1C9432210A14889CA58E0E1008335D25DB,NoFamily,0,False,0.9957356076759062,0
55B718D32B786C6F355CBC76C66D07E550260A0460BFC7386FB64A6E0D02617E,gappusin,1,False,0.9965397923875432,1
38227C2B990D57282242933363D1212FAC1E058F025FEF53FA76CFA5674543FD,gappusin,1,True,0.8291404612159329,0
76F7E07DBDEC8ED4F7E02CFD13EE117E3937B6BAA99CB31DCE38261EC69CB30C,gappusin,1,True,0.9982978723404256,1
6730816BC467F3EA1D2D9E7EBB5D9F35FF249574BF73C7F47ACD5FC9DC297289,NoFamily,0,True,0.6686709354989848,0
CA05DDD16413E5C41009D623FC2BE53C4EA5A51AD79D496C1FEE4CF399D18BC1,gappusin,1,False,0.9869668246445498,0
B99E5CBA7FF6829508DE688B9897424B098548750B6DB2198C911C51657AA706,gappusin,1,False,0.996778350515464,1
85497295BFEDB94EA56BD6907C25B6358FB6EBED9AD99DAF33A17DB4B1F754B9,NoFamily,0,False,0.9919786096256684,0
7796C6372B8D10A4001436186EB535A108C5D7B81F9E234B96B373DF569A93F4,NoFamily,0,True,0.83271484375,0
5CDC920930F1E9E101B3F6960DA595BD5957778579F1D3A8C88A91BD92D805F8,NoFamily,0,True,0.9986513823331086,0
DE97C2133CD114D285D01D369FFDF18DB8B59E292A834E419C700AAC345805F4,gappusin,1,False,0.9849624060150376,1
46FB853B82AE72F481528D7786F059CC1BE0B4E4BB6A96A3C388DF5DE5C0D798,NoFamily,0,True,0.9588607594936708,0
BA79A0B1EE607FAFA9362ADA3788E34A2836CE7E3D4DC7A30612ABC8A601500E,gappusin,1,False,0.9954545454545456,1
ABDFB9359802A7832AC064F822C8166F11396139C15FC37130C213F87759CA3E,NoFamily,0,False,0.9225063938618926,0
FE149BB7C8C6EF71D2C5F40F8D17C3B04FEE84CB93BE06F80E68ECB3777250E7,NoFamily,0,False,0.993421052631579,0
DF58A2054D350A358050161C821B5F6A9BEF174583B9D892305C6551FAE0152D,revmob,1,True,0.9994061757719715,1
A3C644E7251503C2B4FBCE417367147F0E1D2DA0F9B7897573EE568A9A33828E,NoFamily,0,False,0.9973404255319148,0
44FE9783680FEAEA75AF29F1D68CC65CEB946C289B22C4D250D760EFD325F517,gappusin,1,False,0.9996726677577742,0
539EE731397862C20DBA568D802A0F9F80570A034235D99247FCDDFBDD9481BD,gappusin,1,False,0.992063492063492,1
19FD446B76BFC97609E059F59A200D9A2BF809CA7827565BD2309AC51F427144,NoFamily,0,False,0.968125,0
F0CC902138EBE492E7FD891410356124B3FF6BB61205F8E87AD08CB934F4763E,gappusin,1,True,0.8681092220504895,0
3CE2115A5A7853AC8D8B709215ADE2C0AF660ADE0FC0F01CE33ECEFCC653B9CF,NoFamily,0,False,0.9965480616038236,0
043D2C8125565DCE37859E2A0DD17CF8046085DD4527F9607673CD9559129CDD,NoFamily,0,False,0.0,0
44E75289CC2E99B65920E35A8FE3D4F1E4F1E06D7A462AA4BBC52D934135A670,revmob,1,True,0.2966507177033493,1
BECCBC0C6F955D50C528F5284B8C22F738BC0D3055B1678D86BC97D9473A9E66,NoFamily,0,False,0.8205128205128205,0
6D267A056396020B03837C35E10AFA2AD8E22A875B705C4C5C6DB64785F42BE2,gappusin,1,False,0.8801042571676803,1
07778E2C0072DEF0DE52A3E5974DE777F094F632683BB284E23B1B50EC7D804B,gappusin,1,False,0.9918032786885246,1
18B39BEC6165B9234695985DFD7E3B618A466965B39E21A5AE978DDF348235F7,NoFamily,0,False,0.998529411764706,0
E54C37B0935C8A9CAF5961FD7187E0B65C05565796BEB978565E79CCB2172B1D,NoFamily,0,False,0.9674231332357248,1
834BF8E2DAA4AB4A637763054A3F2A360E6E088252A28246D4D5A4BA433C31B6,gappusin,1,False,0.998158379373849,1
B19499AC75CD5142EA14EECDAAA7CD9CEDA4EFC7F97458EDC5DCC1942E568389,NoFamily,0,False,0.9919786096256684,0
575317B06233752B8537A6954C2D8F061ECE7D781BB2F433C00D3F1C878077AC,gappusin,1,False,0.9994462901439646,1
FE1A7738C6D74D7B9B07626BA13070445003063F1D56C2F619245450B1A1DD81,NoFamily,0,False,0.9987516644474036,0
4B22DC002B20D886C68CD8FD639969E15D9C101CBA8445B1DFD60DD03BB11950,NoFamily,0,False,0.9947691607914488,1
08D00720E2AC433A3071A4114FE6368CD1CA62AB491EE3F78DEFE1627BAF3A6D,gappusin,1,False,0.9869668246445498,1
F4BBEC7F46B0D626ED220AB4DDCC57DE3AAE98113ECCD1F14027956C18E80FBC,revmob,1,False,0.9121140142517816,1
F7D161204390099167B5B9CBC5187FC402BC3F7F3D038A51F94EE3BFCD3310BB,NoFamily,0,False,0.6923076923076923,0
B08C9CF0D81D6A466CBC1B3BE2ECB23B99B7755387BF8C4AC2CDBB8B4148DA56,gappusin,1,False,0.9982190560997328,1
187FE12F64C2E9E0907CB5B863516A6E001884E77FAB20AA0DA7A7B716F54AC7,revmob,1,False,0.9121140142517816,1
40BE82FD17C89424BFDCEFA92D3AED9E4EC900FD0C0B5E2F55688590FFBE2768,gappusin,1,False,0.9992444276539478,1
F8AE99EEAD003DAE2E3A0EF1BB772E3237F9D2A478EBF9E590DA723F5446F588,NoFamily,0,False,0.9954308922452088,0
563498E2BB9FDF78FCCB740A1880E1AF83F28E0549D36F3B7E7254FA87133E31,gappusin,1,False,0.9952999723527786,1
907A876CB34B049186D82AC16930DD4267CFFCB1897664F460DBE33E40386848,NoFamily,0,False,0.998730561726436,0
22D48B651EDB9D727BA188B5E7AAD073FFF3E0CF6E810C78617B0CD9C5959193,NoFamily,0,False,0.9570082449941107,0
34D60FDC3831DC68FBCD75D3D3F4884EFE27E22DC3D556469854373C84DF88C2,NoFamily,0,True,0.996875,0
93EACCCE2D2D94EA6137B98251A8359FC1E252F6B32808D55EA06DFCC8D039AE,NoFamily,0,False,0.997299994130422,0
B0A15CE39B69891928070943FFCE7DC6FD750E0EEF6F57857D253E7DE76957C4,gappusin,1,False,0.9981549815498156,1
F715B33F994CF81F947C1798FDCB0315490B6C2F2B7B6883821ACA94B46075A7,revmob,1,False,0.994061757719715,1
D652DF6EF902F790F1BBE847A4B268897FA69620DA3865EF1FE4497C21C2B7FB,NoFamily,0,True,0.99468791500664,1
4D4506FE6FEBD1D3DF8D402BE35536F7317F8ADDBB169BBDE690BA311CC8666E,gappusin,1,False,0.9965811965811966,1
4FD5BE6FDE42892D0C9BF2350FE46E6D5F04E96B4D6AA1306D2FA635AB45C993,gappusin,1,False,0.8888888888888888,1
E68CD7BFCDBFABD4D3E5E02FA62E919278DDC749F57CBEC3EAE63642D1A08B9E,gappusin,1,False,0.8812527185732927,1
234D79461C8C147597653A214EE84E68A3783789E0657454F515D79EEAB283D1,NoFamily,0,True,0.9879807692307692,0
CE911BB0C509B0B30126CE90099839CCDE969FEADDFF0D9E55B2A65D3C44A8F4,gappusin,1,False,0.999194198227236,1
0B0D76E896DF0553EF6347E2C0E993A637ACEA53924E41B8AC91C2B4BC24E037,NoFamily,0,True,0.9300911854103344,0
C0163E0C24F36B9875EBCC1C26694BA6575190C3007AD9E433246D981FE54A93,gappusin,1,False,0.9902912621359224,1
CAE3FCEDFBD813A799C9D59B816B33E4B88E6EF44B345CEFFF876DCD0B61600E,NoFamily,0,False,0.9987890797005724,0
29DC1D438612DC03FC3A5C717FAE5F8413EE64F143072686A26B69E7545731BA,NoFamily,0,False,0.9857288481141692,0
8686194704F0BF84DB0DB8CC7A84EDF10B87C1B01683B580ECA7B900FD8BB503,NoFamily,0,False,0.9978540772532188,1
CE9B8971FBBE31960F9B8EF9C8A5535BF23F3C7BBC7211BBB26EC6C4E71AB15F,NoFamily,0,False,0.9886201991465148,0
E98AA5E47FB823B851D3DE28860D199D16104599842FED7B1EA730BAAB295293,gappusin,1,False,0.8947368421052632,1
96E9B5FD389D3C7CE8079D5E09037E817AF6A0DE3944648F016513F41BE956A3,gappusin,1,False,0.9976218787158144,1
9958FA49D138AB6B23071CE8DE1A214C526DD2C61845C8534C23B7B44E33446C,gappusin,1,False,0.9987113402061856,1
71479A2ECA5FBBA05210E6D9749678097C659D30E4ED11BE2C61AED9426B9852,NoFamily,0,False,0.998046875,1
CB7F08F776CB3BCC828916B82FD4F5D33586E9941CDF43136B479326222CE886,NoFamily,0,False,0.9832402234636872,0
DC323589D949858FB5C5BD376C7C1DF35FE5F381A49CC9039F6180ADF718CA63,revmob,1,False,0.994061757719715,1
FC15B6D3A2797F63AFF7ABEDA38348FA312E3A51BBF744C1FE45F72CFBD8961F,revmob,1,True,0.9026128266033254,1
26E0221E891C9A6E7FB837D9CA2BF32764BDD9CE4BA2D9E2CB7B920053F3A389,NoFamily,0,False,0.9941050375133976,0
5C44075F3C1EF1B371F251761956B177086C5E99FE47EF5097CA031E9693E3E0,gappusin,1,False,0.9918616480162769,1
6EEEF0FA61CDAC28E360657BCBBE08D2E2F04261317DE0A30EC2906449402FBF,gappusin,1,True,0.8947368421052632,1
1660D76EDA911028F60625738A26676F6E14149F8CED3E54605425E19B6E99A9,gappusin,1,False,0.9869668246445498,1
5E54F2B7365207EA76ABF4B65997C7CCFCBA989DD1E9C3B959996D12D52A219F,revmob,1,False,0.7918646080760094,1
6E6A760266523E5A089E9E46A2185F9BF6E990885C7B14C6081D8441CD6880A6,NoFamily,0,False,0.9919786096256684,0
3565AB176F599DFED7D910985180317174E023CA6BBDB427D76CFA3FC623043E,gappusin,1,True,0.9965397923875432,1
023DF3E36F1B16D2EF3D294E0479574EF21BA703C8D22D021D1759B210CB06BC,gappusin,1,False,0.9992412746585736,1
9203BDA035FD1A26B729D9BF7D0F67E5CFB39AE27AA2E119F1F1188F63005FFF,NoFamily,0,True,0.9371980676328504,0
732E0059DB69673172CEA102608D974A24535981EFE8E1F76AE930A767FD6F7A,gappusin,1,False,0.8888888888888888,1
B2A5A6412B576FCA034E5F798C7F0B433F58F45A48A6F84553CC40E57BFD2B7E,gappusin,1,False,0.9950980392156864,1
8F10AB23259E85BAA48EB16350A5C97E3F54517E9F75AE3ADA198C8A6375A01F,gappusin,1,False,0.9869668246445498,1
9F48550965CB935E2D78FF28750E66966D30F60CC32942A8094BC8EDAFD6F424,NoFamily,0,True,0.8722171393717597,0
E29F53DA378260390C1F1AE7611ED64F11BE76EF1A2073D7D95E7546A11CD52D,gappusin,1,False,0.9976303317535544,1
75D80747623D36094AF160F4C4F2520A86F21A6E1F913B8F5A9FD5CFF6899DD1,gappusin,1,False,0.9965397923875432,1
87C8C4664872D054235144F6243F3AFD2B1048793CBC342643D4B31B3326E519,NoFamily,0,False,0.991229169277033,1
28C38E91E662C5F2D8097B5054D6D2C62DD63E4DD4A3DA6DF21D57497B354CE8,gappusin,1,False,0.9991119005328596,1
3559E1824B016C1203FC7A59E46AFCC7EFE2DFEC07A864441B9AFF2CE077045E,NoFamily,0,False,0.9919786096256684,0
4F36D34037FA05F3038D0DA86068BE21693BDF01E3DBA3C3E8ECA318136ECE2D,NoFamily,0,False,0.9961300309597524,1
CA6975989E40F40317FEA93048109A27161E7194CF71C5BE699284800C5C6B57,gappusin,1,False,0.9926470588235294,1
28EE40BE6A95946D9AD33034AB93D49B91667B9F628B7C60B32DCD59AC6287B0,gappusin,1,True,0.6053206997084548,0
7A5153154DCC0014E4BD8DE5180AE2A2587F65813EE3E82751F00CE4DB22D382,gappusin,1,False,0.9976303317535544,1
667A6044BEB6E61990D9AB5B24E536E7CAEE5D9C49D5C7DDEDD39A15806B3B50,gappusin,1,False,0.9966367713004484,1
1A2611943B1BCD434845A19D87D59B0F48D4F35DDD65A1EE3803F8E2F6B68169,NoFamily,0,False,0.8077900084674005,0
1003C5CE381666F5B63FA137288A5A15225241634AD776C6631B4C8997F48206,NoFamily,0,False,0.8715953307392996,0
3032F085F4A4E60887ED5C2F17159E2462D9B385B22BA5B1756ABBA6216248EE,gappusin,1,False,0.999475753604194,0
93756E7F3E51818D4EC91F5FC4F3A32C6EFA8FA0A4E62C5F35EA6735E51D77BD,NoFamily,0,True,0.9880756578947368,1
39C0CF00BB9B90D338F362B492BDB76A9FE30E29998BAC5F869647D75D4FA23F,gappusin,1,False,0.9976218787158144,1
5DC18619EF875F3D9184D50BF7A3AE25DFB05E6741D50270C24179597EEFFBEA,gappusin,1,False,0.9994462901439646,1
424ADBDD7534F272CE6823BE86CF969BA603D41E957B6790155E0D46AC0C7659,NoFamily,0,False,0.9515058703420112,0
F7E4F5A392108A1AEC7B067FD0D3F209768BE9EC866D17A3ADE9698A3F11E301,NoFamily,0,True,0.9808202089505692,0
D4AED158962EB674D2ECD54AA20DDE7CE95970EFB2E98915E56D39D896368D56,NoFamily,0,False,0.9928571428571428,1
331582D835B55971E4C751956523AE956B347D79EF48925BB16F74C7A4CD808C,gappusin,1,False,0.998206278026906,1
F32B129F1CA8097AF98E83FEC84979376DB19DE509251DA555DDD5320A67DE1B,gappusin,1,False,0.9996726677577742,1
A0BFFCD09200AFCE40D0757E6584FA6F8AABC67806FDD54C15EF635EAC38476F,gappusin,1,False,0.9993211133740664,1
EB59BAE652F8E1ACF2A49FF746FE618B4B817716EBA5E9D5F2C980EACC659686,gappusin,1,True,0.9911834520176332,1
EEB199EDCF03777A531819EE92CD6104170D35777AB356F0D2ED9B3FE023A330,gappusin,1,False,0.9925925925925926,0
0FB72EFD3BE9199183E6E44E2E00FF8523029A8D778313F2EAF32F886310EBC6,gappusin,1,False,0.9992472713586752,1
CD2DA0BD7698BD7123C79EE610777679943BA66C1E35187C2D4A5F25249D29E3,gappusin,1,False,0.9905660377358492,1
0DB543FA90BE2B6F406BE3CBC09D97AB0B1E9D7D0A026AD253C70F4717B3B84F,NoFamily,0,False,0.72,0
0758B31AA1BC0B1F340617DCB9117AA73CF628173A610CDF09B23A678AACEAD3,gappusin,1,False,0.9954545454545456,1
DB7785E03B2A01ED6225DC09A78AAB7C841E5D65C6244925F1C83D8F7D803321,gappusin,1,False,0.9976218787158144,1
0C64A68F7E19DE29BBC03864BE7967B44DCAFCCD6CB820FB0CF3E6AF3123E369,revmob,1,False,0.994061757719715,0
D3702A5E34DBD90B52368815B2E5820D2951E42CBD4109FE225E849FCCE0674F,gappusin,1,False,0.9982190560997328,1
7FF72EEB9475F259127DBB90F623657B419E94A7FD015A669D01398ABF092744,NoFamily,0,False,0.9869668246445498,0
52F08A122CF4D59FD833175A79763DE34AEAAA92B6D52E06804B2056FDD10970,gappusin,1,False,0.9991231146965976,1
B5078BD84DB5B4FCEAC1941AB4D290D97507756C4F03766C9DEBA50FE8562062,gappusin,1,False,0.9964001028542042,1
97B9D9222D4915C314FF983118173913AE4A50D9A6C7D8D23897983C90D897B9,revmob,1,True,0.8245915735167669,1
FE360D76E62E481E96D80713E04CE60BE066308AB790306E10A0ACD480A28091,gappusin,1,False,0.9962962962962963,1
BBE0D3CCEC66DAB6EE0CF02B6662B39D4EE03A816BCB123E4FC3B0D4380BDEDA,gappusin,1,False,0.9,0
9095B6907C65AD4B198370ACD50BEA18249A6B1A6517DC65E9A5D4692DAA5A42,NoFamily,0,False,0.9955721277091588,0
B34F80D9AAD571E34F2D3BBB6B197B486C4037FE4D391F9762CFB3F9C6ED40AB,gappusin,1,False,0.9993889398105712,1
2507126DFB32D4C8D5CAFAE2F8DE780DA9C0BEE04034BD1300056B1329A37383,gappusin,1,False,0.9993211133740664,1
80A62339BB2E2A2D6497D7F451B4580A7AD41BA117FB3D42C63A446C8CB37799,NoFamily,0,False,0.991063829787234,0
32DADFC7AC984D35C93CF65B17A06C6BA00BEC86A67C8ED2D19603AC0E3E82DF,NoFamily,0,True,0.9929278642149928,0
8F2792AB16B6337159F7293C167473F4AC2AE7611801ED78F4CC45717043DC7B,NoFamily,0,False,0.9916267942583732,0
4010CA0E704485B5F3ABE4A031429CCBC8A2ACFD3CE93504047789C508D0E0CE,gappusin,1,False,0.9986580783682232,1
9CAE8637B79E294798BCD09DCA3F284484FF5A4E5A9B7E56A17BB62A0D97C471,gappusin,1,False,0.8888888888888888,1
0435F7F27986F435C40A8C8A578E2B3B8B7E811DE2B1E18048664EEDF46BECFA,NoFamily,0,False,0.9956782713085234,0
648175F154D017C22A528CAF89B627DF7426DA4337E6783E4930779BDD2FC1E4,NoFamily,0,False,0.6923076923076923,0
BB4A6AC30DCA70B23E1C1FCD9DD3004D07CD72A2CB91BA0F5F8D8CFD103BB22A,NoFamily,0,False,0.9939024390243902,0
0F13EE3C7CABE5C1EC33B0D7215E8B3F0F436D8485BA69722F46B91A6E541503,NoFamily,0,False,0.9753521126760564,0
E842024913E3DFC65EAEADA8612184CBEF84E54E42CE95BFEB6F645DA675F8F9,NoFamily,0,True,0.8336899158465269,0
C251FAEFA960F958049DBD46CDD3A3C9FFA31C8E76EAC411EA894F0123B66A3A,revmob,1,False,0.994061757719715,1
7469A9ADE444262AC14DF1B5CBEDF8C16FCF779C93C9D2AE3631928B36713B8F,NoFamily,0,False,0.9596774193548387,0
0EE0D92BD7FC49A16165CD50D534B713B14583E655EF660F6ADC6C92118F9A3F,gappusin,1,False,0.9992472713586752,1
1671D06B79F98BDC04554E8435F548467D5A315E1244EB6AD0E2BAEA12261A71,gappusin,1,False,0.9996402877697842,1
FDCA9B9A4D675FDB1DEC124E1B129F2C586915BCBCFAEF6765BE323628E56F5F,gappusin,1,False,0.8812527185732927,1
1EEBA567B7E838BC3FDAD644E194D54C71A17259B1AFD3DF8D6583ED5337CF55,gappusin,1,False,0.9965397923875432,1
CBB4CAD8EE76DA5B414E89F48CA7FEC98FA87BD248110F0845CBD6EC05FAD570,gappusin,1,False,0.8947368421052632,1
4887D04929DC7EDEA4421166984555A7C82808AC5C2F1918F173C84403C35AB5,gappusin,1,False,0.9925373134328358,1
6AAF74B19ABAC04C1078B076281B14ED8CCACE22FFBE32F081967430268E65AF,NoFamily,0,False,0.9915295256534364,1
C24A5E1EA009517DC299AD61A97CB740A9AA6867BBA3216B73DCC2C047CA1AB1,NoFamily,0,False,0.8811881188118812,0
324D6E47ABD01B65091330612D4AC9AEDF7A0C744FF14C943DCBBABF392D1927,NoFamily,0,False,0.2727272727272727,0
230E521EE6F6D8958A6E02386D3889E3FBAF08FDBDDAC43269FD52BDC8BC482E,NoFamily,0,True,0.9919786096256684,1
0DF81D9738AAE4FF098DA2BC05C92FFD5414FDA09216AC3CA78975F3AAF5829F,revmob,1,True,1.0,1
E67FE0B59CECD1084F5F3B2BC9D66376C8E4CC652BFE3F25FFBCAEDF9291F21A,NoFamily,0,False,0.997018263138278,0
513DFE51A807B28866411DA60619E3D992CF77AEA79218E165CD78A4B9F23829,NoFamily,0,True,0.7292207792207792,0
565F086747D2C8081ECAC05224CC169480C2DDFD5E0DB53CB77BF37C32A17442,NoFamily,0,False,0.9980613323933732,0
173EF864420FCF95544295FDC04A4235E3E6B0BBA733ABADC1270D69C27F7BA1,gappusin,1,False,0.9925373134328358,1
57A6CE04DEF1A8738D947F207CB53E7612E388032320B77DD48EF2D620EB936D,gappusin,1,False,0.996661101836394,1
68F810FAF817DF3525EEF6C0790BDE3EA3D20236C1C020DDC8CBF92239C33EDF,revmob,1,True,0.9973404255319148,1
DDC1783095CEC2A814B2A10C85BEF924576C7E628AD8F1E367FEDB39675BF14D,gappusin,1,False,0.9965397923875432,1
D7EB2B1901B7A77B89CAEC1C110C7C9945D01221E71CB512EBBB4EB1FA021C18,gappusin,1,False,0.0,1
05DF1B1D427B9A2BFA43E737E41C87B31AB04EAF485AA050499356D875F8EBE5,NoFamily,0,False,0.998015873015873,0
FD3290A14EB606D6508E957DF451DF2AD97B87BD1D8D9894A73680C3E4EE5343,gappusin,1,False,0.9983045100033908,1
8D9B7D6A8429465B8BD656561602C60282F16B3EDAF7F65458E44A72591272EB,NoFamily,0,True,0.8226164079822617,0
954349537FAFA119A424C8927A05EF3386EFA48F52BE0607E0A2AB8CA262FD5C,NoFamily,0,False,0.9956624605678234,0
94AB129367C62B29DB14EB1E10486BBC433912930C81F13C6C7718536B7E42E4,gappusin,1,True,0.9954853273137696,1
B7D773668A4726538FBF36889F5DEB6958329A0A35260355003E81043720B92B,NoFamily,0,False,0.9883313885647608,0
EE9FB716FA98F96F51C130FCBFA84DA8CECF49DC9792324C52D73EC7123C68EF,gappusin,1,False,0.999194198227236,0
022E5A4CA14BD380A0DB25D4910207526A57F2F8F167EA913BE5C0E638A84DA0,gappusin,1,False,0.9965397923875432,1
C86F34A93CFA0EFF4ECA86BFD1F52B2F8C4AE0E035C4E534C29ABE359B530F80,gappusin,1,False,0.9987113402061856,1
A719117557B7940955F8045331DC2E788B53701BF95CEC4B101F1FFBC85B1134,revmob,1,False,0.994061757719715,0
DFB7E40E1518E92EFB396D286A921C3328C12A632B648F3E69FD5A82B0F2E87B,NoFamily,0,False,0.9957264957264956,0
68635D1FBC9C5BDFF2439F30FFC2DC364FE85A4F31ABF9A9F67822C7B2625878,gappusin,1,True,0.9982978723404256,1
A2E67613C6A3D3FB90F4CBFCB1264E5A44A5FF91A92416F2ADC6020569B382D5,NoFamily,0,False,0.9862306368330463,0
2E117C66CDF56D27073286D2B5111E36B09B20299CBA400C04A398CC49B75054,gappusin,1,False,0.9992421371731716,1
521C21E813D2814ABC9D986A8940788E031F529F8BB072A5F94A8ADFE1F11A6A,NoFamily,0,False,0.9919786096256684,1
A42C1BA0589EF234CC69DA392FA6F52EF5C44611345B84D4E6644699747FEDB9,revmob,1,True,0.9105557382439988,1
94D2DBD61DB9A685014292A5963CB36B37989091503E75E27B9249FFF4CEAFE5,NoFamily,0,False,0.9978540772532188,0
17B3B21B93F1B0CA88DAA21C6E5E9BFB7C14DAAFD149D2E6CBCB70DBD42B918B,gappusin,1,False,0.9951338199513382,1
42BB8DC3B8E1FB11D55F60A21AF7A86673F562A6EC317168399452DE7D2E81DE,revmob,1,True,1.0,1
A0FF44C1E9EBEEA262251A424CE48372A40953C246ECAEBF42E86D2C9638091E,gappusin,1,False,0.9993889398105712,1
21B1EC6B843C7F5E91A7C5C5BA54965CDDA84F76395DD92A982C4937CA39CF82,NoFamily,0,False,0.9875930521091812,0
83913B1C3962F6AB63DC7F8C1FAB5C06817271309FF7333BB103687E71DA6404,gappusin,1,False,0.9972324723247232,1
E6F6220A8E939BED8A113F4A2B2A4F79ADC40D2178993D86B87F3B0756E72464,NoFamily,0,False,0.9984394506866416,0
2004D204078B3B646DE2C0109EAC69E3B5350DB54EB7EA1ABF1E86D6A8944A03,NoFamily,0,False,0.9789760079149148,0
6A494C33D7B04082FEE02A44A261D4119D151D57CB241C7CA2FCD3C0940BCB0E,NoFamily,0,True,0.8478260869565217,0
7CAD63268703D0575D3D95C51C5E38E07CC16757B648306C80321EBA9A2C1093,gappusin,1,False,0.8947368421052632,1
04B0EF8231E1992384FB5F42E60EAEBE435D64E24F286274FC7ECA2A9B841F9F,gappusin,1,True,1.0,1
BDA58806CBAC3DC6BE5253BA873A60F2308678147F51B30D6A0679F98F59194C,gappusin,1,False,0.9982683982683984,1
AD2FE93BF97E4B5552891E289A09E206F9D181E39F490BBB09A8A8880B11534D,gappusin,1,False,0.8888888888888888,0
D92CA74AA08E609F2E801B1B8FC8741FC1734587FF39249B5387613DFE7519E3,NoFamily,0,False,0.9919786096256684,0
8F76F12BCA9D2688541A475FEFE7069A13B5B85AEE7B3565EEAAEF8493C2B052,revmob,1,True,0.7558416785884597,0
ACD49F40EB321D9750F33E7CCCFE60CC2A506AF80764F9F51B63D464767E1B68,gappusin,1,False,0.9965397923875432,1
8FE9C1CC4C837B1FD4075CC3FB206FAB0A134A4F398BE13C7A70E91E3AEF4FE0,gappusin,1,False,0.8888888888888888,1
A77D501F862FDA8F4F7DEC983DD620BC2C3167F4FA648403B1DFBC53E4C2919E,NoFamily,0,False,0.893188359449952,0
A2271810A053DDD537724DA3760DDF69CED20171BCC02653D17DFF4374656384,gappusin,1,False,0.8812527185732927,1
27B721DD771AFB5F1F1B8760E03806FAA3548A5E2D1221ABCE42227F1CBD20FE,gappusin,1,False,0.8947368421052632,1
1EFE35C93191CD9544FC9E0263573DC597C81032A42A856C44B12BC3CABC6497,NoFamily,0,False,0.9951012410189418,0
2E15F6DB93529F8AF262329DB7D80B698E9AC590BFB66E7928D72A06162BD088,NoFamily,0,False,0.9807210816224337,0
A871E0151673094EBA17822B8E90A84D11B23EF891DF86C55401E55E0473947D,gappusin,1,False,0.9940546967895364,1
F08D10554997DC339425FE389303AF1D8E2C72DBA48248636C40E4B881EF12C0,revmob,1,True,0.9128919860627178,0
7E9D73C9A8B869922737303C50354D6FCA5FDB606A7166F564C8FA8A2B31F2C1,revmob,1,True,1.0,1
7B0B7BFD5A155FC3EEEF3E270B91439D1D28E9F8D74FE48BBC92567423B08D0A,NoFamily,0,False,0.9709009513150532,1
B438BC9A53CB7DBAC432C6C03D0C620E7AB5D40990275DEBF5DAA5CBAF8F4281,NoFamily,0,False,0.9462809917355371,0
64B22A2049EAAFB347B070B218A2BF776482F010EFA8715D430AEB1092CF207C,gappusin,1,True,0.9926470588235294,1
BA276C5A9B106B79E162EF6085F150AB1114565979D2C81BBA158944ADBBA409,gappusin,1,False,0.9,1
D0338B87DBA05F0F9606E70042E8100F144645879404523F378B10221B1868C0,NoFamily,0,False,0.9982547993019196,0
CDABCD57464FD1E9596D33CBCE1FE232584F0B68E62C2B47DDE88549A0A90EFD,NoFamily,0,True,0.9881656804733728,0
02722BBE43F1B89F2F16F34ECB7CE18197790AC0222A4772009B1E5CFC5B7794,NoFamily,0,False,0.9973404255319148,0
C5223161CD5A079CAE209F1174BA5F3826D36DC16E12865E2A6A36B05207D328,gappusin,1,True,0.0,1
668BCE44FE3750DF39FFF3A442EC5CD1B3F49CB37DCC2FC35FDCC6C5DE097751,gappusin,1,True,0.9996726677577742,1
2E1E2BD0631705E4B37F603F7A8BABE8DB9CF554CAC810893118614ED193C728,NoFamily,0,False,0.997018263138278,0
76A9E767F077476FC7AF56439682564A0CEF54F41728790E2A1964344CACF191,gappusin,1,False,0.9452054794520548,1
8A95CAF726ED0F47F95ECC838DDA2E7AC7631CD9FD0A0344662EA49D3B0DB204,gappusin,1,False,0.9991231146965976,1
8815D710548E481D7121AF466F138DA8930D20D987F2BF5DE741D4288129704B,NoFamily,0,False,0.984703137153228,0
232D87CE6B5558CBEA346AC62202E472568C57FAB62D2D40ED38BA46C332C8FA,NoFamily,0,False,0.9993889398105712,1
B978A8BDF1D7936D98EA31B61C2A2CB4F1CA70B88DCED658C002F567D83DFA25,NoFamily,0,False,0.9978540772532188,0
7A59CD9A014861196BAB94FC577F48C57D05F73FC7B7AC526913CA0CC6561362,NoFamily,0,False,0.998529411764706,1
512A6A684286669425208E79B7E6A73C6E49D4E244F8EDE1169699BFECF02F0D,gappusin,1,False,0.999702823179792,1
7F06767BF1A606AAB65E32E82272F1789A95AE14071B5320337544A59A8D5C92,revmob,1,False,0.709916864608076,1
A0549C7F2FB985A68B4B460D6BE57610C02F6D87900C1FA346E120A6BEEEF1A5,NoFamily,0,False,0.9124087591240876,1
03A3F5146827535533DC2A22E77DDF63C4F76D0E88D0419C38E834A70B52D6ED,gappusin,1,False,0.9965397923875432,1
B876732EA4322406F05996D099FB94BAB059C2ED3527D0765F997C12614D57AC,gappusin,1,False,0.9925373134328358,1
606A70F75731BD8142212707DAA39BC20B6483485BAAF2DB01F55A716F5528C2,NoFamily,0,False,0.992822966507177,0
A1BB90CD1F28DEFC4D4A9D554E3E0626A087B9629283AC42EC2228385C185F33,NoFamily,0,True,1.0,0
32494EF5926E2CDE21F0CC002319541FA39AA21AEEE12A9172FE42B14D8FB224,NoFamily,0,False,0.771382463690156,0
7785C163F69A053FFE66E724139A0D146CFFB711304479EA33F992E536C11DC5,NoFamily,0,False,0.75,0
B02D6E6C1C295F2693AB90238D83D6B447B02856E379FD40E1D9B7739E8650D7,gappusin,1,False,0.9926470588235294,0
E9F5B3BD80D2A2EB18BCCA99B250D1573072D4132B399695F4EC66C04F03FB94,gappusin,1,False,0.950354609929078,0
3EEC87A939702D0CA52A27D382B8950B16D33EDD32544C29E7E818D03859E90C,NoFamily,0,False,0.9543973941368078,0
CA23DDBF621E1324AB2C9520A010399E3F64385893663F77D7C49F6080EB858B,gappusin,1,True,0.988095238095238,1
61D7053E3FCBD470B023C2FDC57A7815DCC3022C7166C311744059DCC3F182F1,NoFamily,0,False,1.0,0
9F841B803E10CBF063EC20D93C5C8C269F0014E1404A0B1687D5F82251FDA08F,NoFamily,0,False,0.9919786096256684,0
0DAC13F845082A6803AE5F52F6B623D252AC8C530CA85D052210C99CFEE919E8,gappusin,1,False,0.9981617647058824,1
C598ACFE9A7B9BD4C2BF9E7A5AF6601D3D84A94DB3AB2A439C200E9915A1DD3E,NoFamily,0,False,0.0,0
1B87556FF2C0C051A126B39898A8133FEEFCD254805D5A05A86305284E66D155,gappusin,1,False,0.9996402877697842,1
0326981AC092F886C68E1481D47841C3733EC6399E599818FC3B61F8F7C42E42,gappusin,1,False,0.0,1
F21B50B04ADC22A3E8518EF0FD8A37EE077B5A287159087519B16ABBA0DA6543,NoFamily,0,False,0.99744081893794,0
1344089A6FA53187F9C3B2EC42CB168858937C0AF7A764D464C96A2EA412A1B4,gappusin,1,False,0.9965397923875432,1
6708D559454F8DB8C2F15BF0D36AC606351EBAF3A10A0C77DC7C4916B7480F24,gappusin,1,True,0.9742647058823528,1
D85569A8F5B3745B88E6A586F301544D6ECEB0E55730C0E1645E0CEDF29FB5A2,gappusin,1,False,0.9,1
8E7305495ED01554CDE48432356E856FAB5F312A403D8FB462FC2BCAA2FA23B1,gappusin,1,False,0.9965397923875432,1
B84B39D855D61381F5A999BF4ACC9B4FC474C5A3EBB8A50848661B2DD0ACEA69,gappusin,1,False,0.9951154529307282,1
165DD8D871CCD5781615DBB2F8E3A9B9E4314C52465318BF3744D7B66E030EFA,gappusin,1,False,0.9981566820276496,0
1A8985709E57111405E8503B51625F301DDA79D53BE50AF0D1057A113DFB37F8,NoFamily,0,False,0.9919786096256684,0
E71193CE09B8281A260D3838262FC7D64EC9A308B739F2097E11B81ACE810AEF,NoFamily,0,False,1.0,0
E3329C6BC15059A26A1C5B0BAA0479AD3159FA3FC77E9BCE08374DF9E021EDED,gappusin,1,False,0.9997314354773734,1
BCC74E9EFC5B885F1BA24C8BB482BC490ECA390076310CDB49DA2CEEC8704C3E,gappusin,1,False,0.8812527185732927,1
71BB4D7BBFC71A74B625FD90C4FF498EE39D61DC52A5ACE3E7ADD1B44E0FC4DE,NoFamily,0,False,0.9885496183206108,0
C2584CB1B507922C202629FA75556DE410B2AB834822D31338226A253179DE2C,NoFamily,0,False,0.9978540772532188,0
8FCE85B05C6FBE6CB7E84DA44B5CC1971394C2B37CEC65AE70E28A1C31D529F7,NoFamily,0,False,0.9978540772532188,0
9A7EB2FC93F0ABEDEA36970E0E98EDEC263CF8CC729F48592D969AACF62049EE,gappusin,1,False,0.9869668246445498,1
2220F06D0C4F813F92D0B12C903F5AC2007AEE80C9621FF30D802A45F37048B2,gappusin,1,False,0.9982190560997328,0
0E3679FDC2905FCE2938F4916B92268662BD53587933E4A146951810D66763A8,revmob,1,False,0.91270783847981,1
4139B1C41E2939D503AAAD1E822B497445FCA5BA6C0B55E5A6C16478C2C2286C,NoFamily,0,True,0.971315092674316,0
E2FAE30299F7507C612E8CED04519DA638E48917A463AEDCDE08632A60048B3E,NoFamily,0,False,0.9978540772532188,0
9012FABB6A2B8FFAA02436D9717671FDAFB351CFA9DA5A073E0A3F4B83BA21A8,gappusin,1,False,0.9742647058823528,1
BA3C6F96919BD53F2482F4D82C8DDF1E8C8194628B14A2AC4D9118CDF6EEDB4E,NoFamily,0,False,0.8205128205128205,0
FB3BAA92B392657B2AF6290C4C47A1E63904607F10CB49B437C9B712B7E4734A,NoFamily,0,False,0.9099960175228992,0
E7612E8DFE2D40C3B796B0CA3F815142CB725F5CA3D0BEEF5399F7A96D002BDD,revmob,1,False,0.0,1
C6B65A85FCA52393326BDA1A9D177AEF5964C3972DEC9FF674E37A9D0E95DA34,NoFamily,0,False,0.9978540772532188,0
9D8607335A3487ACE227872F70C0F0173855CA27A77CFFCA2F1400FEA31289C5,gappusin,1,True,0.6294936782613763,1
E11AEAB2A8855D2B474A6FF2A675A881006194B3963AF9C45ED60F603013ED13,NoFamily,0,True,0.7776091081593928,0
04D224F8D36126A1C792D7DE0C7EA5E53CE8F031D02ADBAFC2C2EF3337F82088,NoFamily,0,False,0.9883313885647608,0
3AC34B9CEA44FE7C66C09D37F0D165ECA4EA6F16EA89D6EEAA982E8C6ED713AA,gappusin,1,False,0.9996726677577742,1
D71B411796E8CD645AC832B8287097D98E3C402A8335A26550D79D0F715D67EE,NoFamily,0,False,0.9635597875846914,0
F2A21854B9E82212D857ABD7EE623920FEFB68C18D989D07A74010ED218EB7BA,gappusin,1,False,0.8888888888888888,1
0CB654B83DECE93278F3661F1BEB48D3152696E8DA2C2007FEB80D6310B498F0,gappusin,1,False,0.8888888888888888,1
50006BAE6BC4F80254C15DF7882120B8C73A457B390D51053B164A3392688FF8,gappusin,1,False,0.9997314354773734,1
0CC55666FF2C8552CE17F0F841387926102462E66FDAC80508BCB5CB5BABAA09,gappusin,1,False,0.9976303317535544,1
B8C6981C7975CD10EBBD86D0C980093FB8BFE2E2B60DA0729E9C61E31FEE576B,gappusin,1,False,0.9981412639405204,1
7499373ACC27815B634CE78CEA48EB40A2B0AF2617FD9BFEA3758428BD94374C,revmob,1,True,1.0,1
3BA47AA96AD899BAD72CD3FD565346BC589B5836FC9173A381408472728AC7EA,NoFamily,0,False,0.9428723972237052,0
E10CE6959520F366E6012495B756C43B632EA87937A6F337037E0D78FA23B941,gappusin,1,False,0.9742647058823528,1
05A6FC09353156874920A730AE540787F607D8712A7D72542147A815C264D119,NoFamily,0,False,0.9894799309451876,0
E93B3BE9C16F1CCAF50ACCA464B3B3481CFCA1268EB0D3EE03D0CA72429D8E4A,NoFamily,0,False,0.956335003579098,0
A2E62D268D0AC4B8FECD83F5FEF27236967476C266E0A806A27338F4CF5D0404,NoFamily,0,False,0.9978540772532188,0
53540423EF2C14D46C9973959B6FD7F41BC50FFBA6A4F20684879DBC15F86056,gappusin,1,True,0.9799291617473436,1
FC9F4ED05E4C4C0CAAA708757341B41AC1AA5584964365850B5339AF7D2CF302,gappusin,1,False,0.9965412883700822,1
A47220681F5726285654D1158CE303B0DCD5137C91FF5809476F1230EE8E0649,NoFamily,0,False,0.9410994764397904,0
02443F57CF47E127F4DFFE79EC5623F28A1ED257175B84B7CD5BD1A3F9B310E4,gappusin,1,False,0.998158379373849,1
8297934B1105280C15BC07AA2DF6B7A98D3FBB19134129A527EB59728AE770D5,NoFamily,0,False,0.9316770186335404,0
57232087A574941E3671C77ADB77ACB3DA7EE8EFDC53660F50CBE2536333BF93,NoFamily,0,True,0.8600935752596143,0
ECEA10902B8F2E8A8E75F1C732F5A2D84F2DE7A1833BC567FFDB3D14AEFE4479,gappusin,1,True,0.9913419913419912,1
F6DDBCAEBC3624200E05DC41B1640CE062081D372CCD297B35AE23558724A1B1,NoFamily,0,False,0.5180505415162455,0
06E785A7D05A3DF6C77042548E5F88AB8FCA57C2B9DD86817DB784A49A175373,gappusin,1,False,0.9993211133740664,1
5CE802520588B26AA31913CFD9B0CC8F8D1BD857BE884ACF05B8B8394B00B77D,NoFamily,0,False,0.999282742791565,0
2DCA33C4BC0350EE62D667E833E7351E4B9719D3D857323AA8BF734912B2DB3E,NoFamily,0,False,0.9726918075422628,0
43A43267BC5B2CE56C4E2C416C711E7F8C30487AE4AEBC251242F7C984765CAB,NoFamily,0,False,0.9377272727272729,0
F94791A66ED84AFB40ABEF6D6B0E7B14721E6C3DAFC40F72C298CFFC43A7AC35,revmob,1,True,0.9994061757719715,1
B5D3B01EE01EEC2DFCCFBB9207C47745C3325DAE46FEE4E2B95A26DFAA2507EC,gappusin,1,False,0.9993127147766324,1
638C4F75002C6A830CE1F60D76518AFF376C736BE91C4B8606D096A419A53D47,NoFamily,0,False,0.9861910241657076,0
4CF957FEA05101386172905DA576BB615FC566AB301B659A947EF166840AD390,gappusin,1,False,0.996661101836394,1
1DDF76DE7F9860D36936A6DB5751E189E9CB69820EFB121346D8D1169E29D32D,revmob,1,False,0.7918646080760094,1
EB78632A5288E542834FF6215A2A65AFF6FB5BBD37EA8EC8773E8DAE520F91BB,gappusin,1,False,0.9970238095238096,1
5AD871DC1FF9124156D36533701DAD69F33630DD0403342B8E7D70701B93E33E,gappusin,1,False,0.8593162113528545,1
BCD3B55660E0B9CC027DB2A2148A4656473BEE38EE9A0FE68D46A68536864F62,NoFamily,0,False,0.9917287014061208,0
F1B58E3FF8FDFA6607CFF26FE0B14086A174ACD15F4C2DE1310B4654C90D9C98,gappusin,1,False,0.9972350230414746,1
D1E4EE926793F12FD6182628F6DB130919CCE9D10817620F93EECEB909601360,gappusin,1,False,0.9982190560997328,1
15E8B41452A01152F4E9098ADA0391BBE6C0ED58EC64538F059660E83F4031B0,NoFamily,0,False,0.8974358974358975,0
F75C226100E21F5FC6AF60D41057441E38F3D9C2E4039C01CF696F8E8330A473,gappusin,1,False,0.9994462901439646,1
98F7AB4C56CF181716976753299EE6FCF2125F9D41D01C3C409DA4C406903D79,NoFamily,0,False,0.9919786096256684,0
BE485C2127DEF1F1F9B32F5F09DD88AEB92CAE77538F985319D849480B30EDCD,NoFamily,0,False,0.968125,0
352B971EA0A2A42366320D34941F2A4858EC33B548CFDA5E6ED78B3553FB51EC,NoFamily,0,False,0.9616801768607222,0
420FB957CDC3F590D3DA0B6514EEDC32BE245C4F7107E5CDFA5DCA886068346F,gappusin,1,False,0.9976303317535544,1
C3CDDD8D8FE0E122379951D6864B6FE89A0EDBD65745D5761B98AD702BA8376A,NoFamily,0,False,0.9823446327683616,0
33AB50F98BCBF77807041D5BE5BD4ECBC26857A47D6A9A79F58E8C8853F85AE5,revmob,1,True,0.9544143104443162,1
7AED5961298BCFF1EDFD97382A47E5D9AF20882616733401D35D91623DC6EA78,gappusin,1,True,0.9962635869565216,1
6A52E3408F3C66CE36F9C35DFA9E0AFEAAE9160C51DF0C789B5E0A8160CD6817,NoFamily,0,True,0.9064347826086956,0
80D9210A1A0725850F07C85655BE675351B70D9BAA8D171A39B82B620A248C22,gappusin,1,False,0.9951338199513382,1
CC60A4F98BD2AA8DCD0FFF14031146EE9D86C9880D2B47BECFAEE4CCEF1EFC0D,revmob,1,False,0.994061757719715,1
2FAFA263A2D5D67FFB1FC86C75D99B1EFA1094B4C5020609186E4DB37F6422E0,revmob,1,True,0.9556837853433352,1
B3F33E576543FB9149CA22658D2680F8A2680647DFC09CCD390FA4FD3B744761,NoFamily,0,False,0.9877906976744186,0
4D55B864EC4A1DB7BF77C98F902D4039B2341E652711904DB815D806DDF825CD,gappusin,1,False,0.8812527185732927,1
56C7EC58B6391B88CF89EB8772162378C90CBEF36BDA77B05ABE5698EDB33F83,NoFamily,0,True,0.8752959747434885,0
20A981928C40EA8132796A81A5C5B7E196AEC16BCC67851876B55CFE4944158D,NoFamily,0,False,0.9525335775335776,0
BCC0DBAFEB73AA25C7CAAC7250BCC91A246ECDECFF7316FDC9920E8FADDBEBDF,revmob,1,False,0.7918646080760094,1
57ACF8ED4F04FD3AE014EE4247FA51FA4E420549B39650450A941A275ADCF51E,gappusin,1,False,0.9982190560997328,1
E21E56924204A4843DBBA12FB128BB20067E71048B03FF2502F392DD8F46E992,gappusin,1,False,0.9996726677577742,1
CEB3A708B29718AD5400C5201154772E0FD9744118D9721440B0C53A5ACE3AD2,gappusin,1,False,0.9902912621359224,0
3F475E872155A4DB154243E55E73173DD0FD42BC5A32C4F761F507D1916369F0,NoFamily,0,False,0.9993765586034912,0
8DD79F857E64F2EBE125AC203114DF8513DF7510CE8BAB866E14B51D12508944,gappusin,1,False,0.9976218787158144,0
4A4DF76E1A3F2A7749BB17CA317465D7885475B340BAF54089F5E3C5B70222DA,gappusin,1,True,0.9987277353689568,0
3AE8B744BB439F1C75D3CFF454E62E8E90A9B849AAA0F43A6513ECB801B0B561,gappusin,1,False,0.9982706441850412,1
351D3B8A5BB05DCE48D35B3BF2BE245F895CEC1D92C886CA5B17D9E80D93B8EF,gappusin,1,False,0.9982190560997328,1
700BD770392FB551654B60FFA14D0393736B802642A3A345C5223AD829CDBF81,gappusin,1,False,0.9982847341337908,1
FE0570BC4F5B7021C64F00F26430C7E740C7367FE0B4E921AD6B039D5DB42F79,NoFamily,0,False,0.5,0
DBB0CE7EB9A2807239F67757F3A14DD10EA6D4035686D407AEBDAE7DC41C1F93,gappusin,1,True,0.997623089983022,1
F709793D5FABFC610698BB5944AE568C9896DED839D64B9832F10DEEC735AB16,gappusin,1,False,0.9989588755856325,1
418140CE41B61176B9795C235B79EB7115A6188C8013BD2D95844EAA55F85B49,gappusin,1,False,0.8812527185732927,1
FC7A3E1439A8F37DEF42A7F401724F8DB8A7D62819C45999DFAC8669AA04003C,gappusin,1,False,0.9987171263630532,1
38A6A300A0414D96D8D94B7B307BF0527D9CCD56B8CFABF8CC8180E0619F6420,gappusin,1,False,0.9935205183585312,1
5B5F2D5DAA4934FC703E380DB9E0327402F63C1E9D523863469C3EA71495D6DF,gappusin,1,False,0.9982847341337908,1
C0ECB92823CEF0B2CCD8EE27B1A15104FCAE8B141DF9CF12234CB609A8CC74C1,NoFamily,0,False,0.9978540772532188,0
0B24776DDA1327DA3E4EC42AF794F949316F85508EFD00C46DC01D289EA03220,NoFamily,0,True,0.9073634204275536,0
47FC94809EE5F9B76D90CC4A794C9E94FDF2790ADA7F8CE0356B4A990F5364C7,NoFamily,0,False,0.9957264957264956,0
19D647C0D0F393E127278AC37091C4D83B5132CB66B0E385336B1B2466459FB4,NoFamily,0,False,0.7505938242280285,0
DA20910290A824214B88834E6AE221DD5CD93FDC0C13955BDA9C23E1AA1BCD7A,gappusin,1,False,0.8840139009556907,1
3A68EFCA2CE3CD2387C81D73E624559EA7B1206B2261A3EE411ED25EB72C885A,gappusin,1,False,0.9992444276539478,0
0361078082D76205080D81E78D018CEDC0905E4B25019EAAE03A8E180C2AD8CB,gappusin,1,True,0.9931506849315068,0
78302912C63888D0FA69CC8DA1C466DA49863C96ABA8BE9A59D3E853D07AD841,gappusin,1,False,0.950354609929078,1
69F2253BC10DA5676EEEB4D782563A4880005DDC4DD945B1AB55B19E4ED4A043,NoFamily,0,False,0.7169373549883991,0
81259C1F51AA1EBFAB9901AFD4FB30F0C8332CD0D388D55FFB53A16CC729DF0A,NoFamily,0,True,0.8608378870673953,0
2E40ECFD50EA903EC994D9B97CC8F55FDCD341E3CCC409F54E57EFD60B340C53,revmob,1,False,0.9121140142517816,1
BA36F366E0FF65048A7F9B4EC5868CAD77CDBA520BF4BF1B5264E8AEBC12F09B,NoFamily,0,True,0.0,0
EB86793C116AA0BC0E87D42D89B2483D7152FAE069FAB8893BB9E64C02A14E21,gappusin,1,False,0.9452054794520548,0
E91C2C56274DF1A0E778189A4095DF64BDEC34E09A32C1820BEFA085F466C508,gappusin,1,False,0.9965397923875432,1
2730D5AB90D295D892F33D4E30499F6A5E2A2CD36723169B4C75FA5D27747E13,NoFamily,0,False,0.9812515520238392,0
0385EE0B109599217E7203ADB7D9CBACA6130C3E77980D544A86AD9FC6CBE962,revmob,1,False,0.7918646080760094,1
D176A7AEF9C3798EB64FA73F0063C13AF8C7F4CD1B699E6E83AEB93AD80797AF,NoFamily,0,False,0.9896995708154508,0
B94008A12F71D42CC941B161CC61095F3FCF6DB279F436B7653A97CFD3A7E579,NoFamily,0,False,0.9447289799402476,0
24921449AA7DD805FD84254EECD6A15EB58AD0505BB5A9FD3788CBF72EFEB0D9,NoFamily,0,False,0.9832402234636872,1
65618BBC467AFB5B7A48F462A7A6E52AD4C03E43A7DE835E6E6E9A035D15E8D0,gappusin,1,False,0.8812527185732927,1
BED4FEE2ABE81D52C39C06249B2D51F52474291C42E1E336B82B839ADD99E56E,NoFamily,0,False,0.9919786096256684,0
AC22B0E460D16C3D4294622C177E2C9AC5537E6B02FA6FB82C196C8ADC40DA58,gappusin,1,False,0.9987639060568604,1
BDAD969123E42AACAB05A59EB1FE436C9787879C82054BC8FC45BDCEE7921B7D,revmob,1,True,0.9912506433350488,1
2184F24658CB78F0B1898E4AF6CB58B0474C976E266567A1CF8FC40083ACEF98,gappusin,1,False,0.9993211133740664,1
AD0A1BFF285DF87A091D85304914E8DFAFD07E93876432E5C05BE4F2C1D1DCDE,NoFamily,0,False,0.9642857142857144,0
FA12392B10E650FE1259F6516B4B693A1D079A59A6C2FC075A8DF05320F4FCBF,gappusin,1,False,0.9,1
3FD19699E61283034A63F79B03122184A045957F602EB4F09C73CDD1D4A48C7D,NoFamily,0,False,0.9930740543420352,0
409634CBD9C9056A922A7E12A0FAF63C3E883042CAE5FA4DD7D64D2376CC4EC3,gappusin,1,False,0.9993127147766324,1
BA9FD1113FDF524ADC16E392F91369138FE7D77DDB06D9563B54C389ECB70591,NoFamily,0,False,0.9925119128658952,0
239381DA71F241B601FE5495AD3E233DEA0B130813C305B39871D860BCE6AE9D,gappusin,1,False,0.9926470588235294,1
91153F45C6A15C72CE16ADDDB75285D30B519643B9D8D0486F7DBF46DE5D528F,gappusin,1,False,0.999194198227236,1
01B31FB16517E34F4B339579C76E0EA4FD0176C15264B3A7D3A8F788990FCFF3,gappusin,1,False,0.99953531598513,1
C3B1AD596B674AC2B7A313525D9AA18B3DDBC01F85D72954FC08C3EA20C65D80,NoFamily,0,False,0.981335952848723,0
2CD4005FCF83F4B426F6EC6937AC34FC59873FF41FBBD48A0CB7FAE01C53943D,gappusin,1,False,0.9996726677577742,1
10A2660C873995B88F4CE61D0E8E0B06E152B001A403FB632026618B09855564,NoFamily,0,False,0.7777777777777778,0
DCBBA738F24B014BB1348A4BBA0DD28FD390E50439D9510C280F2C6397C38E1A,gappusin,1,False,0.993191489361702,1
4962A2A987748B844FD8DECE0527EB6FFE74B93E74D2191A9CF6A2723AD287EE,NoFamily,0,False,0.8816666666666667,0
B5DE7BE808879E90DF04445733514D7F7840C53556C72E164453BABB7B7A25F7,NoFamily,0,True,0.7884972170686456,0
228B13E3B253D5754ADDAA55EF26224AB20C9558EE4AFAF48B72F830D8907853,gappusin,1,False,0.9989588755856325,1
0B608218C2775397DE66896DA940DF73C0BBAF362C6C5E17D7394672B97598DE,gappusin,1,True,0.0,1
1DE2F3553609708ED975B08D6450C9307D0CFBCEACB4252E0CEB96A3ECAC62E0,NoFamily,0,False,0.9866220735785952,0
BB2491FBF9793AD7B22E70F761D4A6E60D338E0D3B9D3B2B9039BB37B92C2942,NoFamily,0,False,0.9978540772532188,0
0F0DBC2FF4B792E0987488D927EC295745EB2DE3BEF1400DEF4CDE8DFA423DD3,gappusin,1,False,0.9965397923875432,1
DA35761E427D8C87D93DFA979FC7C8EB64D234FA24D01AA57E992BD15498DCD0,gappusin,1,False,0.9987639060568604,1
AA0567A3AAAC4171D852DBB35061334250DB47546CC4C3659DACAC0DC496219F,NoFamily,0,True,0.9928571428571428,0
C226BA0C2D83F276B94F021BA5E5C90A53B38A63EF27D6554417E051BED97D0C,gappusin,1,False,0.8801042571676803,1
D8AF711E381423AC059AA3522471629FAC48B58429444040D4C968244E6CE836,NoFamily,0,True,0.9399441340782124,0
794A336FA47400111F486E51DCC85017AF9B5D055341C1D3A6559FC287D567DE,NoFamily,0,True,0.8767178658043654,0
F025C33E78F71F2A3ABA4427B25973F4470C22D469C6DF11E0318A16091CA9DD,NoFamily,0,False,0.976897689768977,1
6E96C61AAFDC8369862B93D3D77795C9B69A462F1A73F152FAFC91BF7E3FA33D,NoFamily,0,True,0.9886486486486488,0
E91B24DAD8C06D70AFBBEA4313361595E5746E8B3A18B6D8D6A96849C14EC518,gappusin,1,False,0.8888888888888888,1
0A4B34EC62A9B56557BAC0B95C6DCAAB5752CFFDE7BEA83A7CA4F98279E422CE,NoFamily,0,False,0.9616801768607222,1
9F8E90605CD9DAE43EEF3B248E41B2D4D2922A2C0EAE5D8C31A449819801F47B,NoFamily,0,False,0.9982547993019196,0
CAF3535307D91B6D500AE2B18DB3F0C9705D09E3BAFDC4652D3ABF66BF8E0AB3,revmob,1,True,0.9026128266033254,1
81C146F2F4B20778DD6704DB6EE053AA2438610F2B1FCEDA1002C1DCD19B0E17,gappusin,1,False,0.9976303317535544,1
4097A8E8F1C778A74C732B82DEB06B28B9AEE6FE88A444483105A9D7B35A0E41,gappusin,1,False,0.9987639060568604,0
